Iteration number	RMS error
0.0	0.0675326391474
1.0	0.0564211327284
2.0	0.049243765253
3.0	0.0439983245145
4.0	0.0399067272347
5.0	0.0365810105765
6.0	0.0337993157163
7.0	0.0314229199603
8.0	0.0293593870982
9.0	0.027544100845
10.0	0.025930167209
11.0	0.0244825127665
12.0	0.0231742478335
13.0	0.0219843262062
14.0	0.0208959838091
15.0	0.0198956646074
16.0	0.0189722620616
17.0	0.0181165711195
18.0	0.0173208843908
19.0	0.0165786893442
20.0	0.0158844377276
21.0	0.0152333675563
22.0	0.0146213639774
23.0	0.014044849301
24.0	0.0135006951973
25.0	0.0129861519415
26.0	0.0124987909061
27.0	0.0120364574556
28.0	0.0115972320784
29.0	0.0111793980996
30.0	0.0107814146914
31.0	0.010401894179
32.0	0.0100395828537
33.0	0.00969334466716
34.0	0.00936214730721
35.0	0.00904505025291
36.0	0.00874119448354
37.0	0.00844979357645
38.0	0.00817012597665
39.0	0.0079015282597
40.0	0.0076433892397
41.0	0.0073951447999
42.0	0.00715627334286
43.0	0.00692629177433
44.0	0.00670475194819
45.0	0.00649123751117
46.0	0.00628536109523
47.0	0.00608676181332
48.0	0.00589510302054
49.0	0.00571007030828
50.0	0.00553136970322
51.0	0.00535872604724
52.0	0.00519188153721
53.0	0.00503059440652
54.0	0.00487463773268
55.0	0.00472379835708
56.0	0.00457787590499
57.0	0.00443668189504
58.0	0.00430003892906
59.0	0.004167779954
60.0	0.00403974758855
61.0	0.00391579350831
62.0	0.00379577788334
63.0	0.00367956886348
64.0	0.00356704210634
65.0	0.00345808034425
66.0	0.00335257298612
67.0	0.00325041575095
68.0	0.00315151032989
69.0	0.00305576407383
70.0	0.00296308970397
71.0	0.00287340504281
72.0	0.00278663276312
73.0	0.00270270015263
74.0	0.00262153889228
75.0	0.00254308484571
76.0	0.00246727785791
77.0	0.00239406156096
78.0	0.00232338318447
79.0	0.00225519336878
80.0	0.00218944597861
81.0	0.00212609791488
82.0	0.0020651089226
83.0	0.00200644139255
84.0	0.0019500601547
85.0	0.00189593226122
86.0	0.00184402675737
87.0	0.00179431443859
88.0	0.00174676759272
89.0	0.00170135972639
90.0	0.00165806527569
91.0	0.00161685930158
92.0	0.00157771717144
93.0	0.00154061422938
94.0	0.00150552545858
95.0	0.00147242514027
96.0	0.00144128651514
97.0	0.00141208145363
98.0	0.00138478014275
99.0	0.00135935079745
100.0	0.00133575940491
101.0	0.00131396950995
102.0	0.00129394204925
103.0	0.00127563524091
104.0	0.00125900453433
105.0	0.0012440026238
106.0	0.00123057952652
107.0	0.00121868272385
108.0	0.001208257362
109.0	0.0011992465062
110.0	0.00119159144057
111.0	0.00118523200432
112.0	0.00118010695404
113.0	0.00117615434136
114.0	0.0011733118953
115.0	0.00117151739945
116.0	0.00117070905496
117.0	0.00117082582156
118.0	0.00117180773071
119.0	0.00117359616604
120.0	0.00117613410837
121.0	0.00117936634354
122.0	0.00118323963305
123.0	0.00118770284826
124.0	0.00119270707001
125.0	0.00119820565615
126.0	0.00120415427972
127.0	0.00121051094119
128.0	0.0012172359579
129.0	0.0012242919341
130.0	0.00123164371465
131.0	0.00123925832546
132.0	0.00124710490337
133.0	0.00125515461799
134.0	0.00126338058757
135.0	0.00127175779105
136.0	0.00128026297765
137.0	0.00128887457565
138.0	0.0012975726013
139.0	0.00130633856897
140.0	0.00131515540317
141.0	0.00132400735308
142.0	0.00133287991008
143.0	0.00134175972846
144.0	0.0013506345497
145.0	0.00135949313032
146.0	0.0013683251735
147.0	0.00137712126427
148.0	0.00138587280846
149.0	0.00139457197518
150.0	0.00140321164283
151.0	0.00141178534841
152.0	0.00142028724008
153.0	0.00142871203281
154.0	0.00143705496695
155.0	0.00144531176959
156.0	0.00145347861847
157.0	0.00146155210848
158.0	0.00146952922035
159.0	0.00147740729166
160.0	0.00148518398973
161.0	0.00149285728656
162.0	0.00150042543548
163.0	0.00150788694945
164.0	0.00151524058097
165.0	0.00152248530338
166.0	0.0015296202935
167.0	0.00153664491558
168.0	0.00154355870633
169.0	0.00155036136112
170.0	0.00155705272104
171.0	0.00156363276108
172.0	0.00157010157902
173.0	0.00157645938517
174.0	0.00158270649289
175.0	0.00158884330974
176.0	0.00159487032933
177.0	0.0016007881237
178.0	0.00160659733632
179.0	0.00161229867555
180.0	0.0016178929086
181.0	0.00162338085593
182.0	0.00162876338603
183.0	0.00163404141063
184.0	0.00163921588023
185.0	0.00164428777996
186.0	0.00164925812574
187.0	0.00165412796076
188.0	0.00165889835214
189.0	0.00166357038794
190.0	0.00166814517431
191.0	0.0016726238329
192.0	0.00167700749843
193.0	0.00168129731648
194.0	0.00168549444139
195.0	0.00168960003442
196.0	0.00169361526194
197.0	0.00169754129381
198.0	0.0017013793019
199.0	0.00170513045871
200.0	0.0017087959361
201.0	0.00171237690411
202.0	0.00171587452988
203.0	0.0017192899767
204.0	0.00172262440306
205.0	0.00172587896186
206.0	0.00172905479963
207.0	0.00173215305584
208.0	0.00173517486229
209.0	0.0017381213425
210.0	0.00174099361123
211.0	0.00174379277399
212.0	0.0017465199266
213.0	0.00174917615484
214.0	0.00175176253409
215.0	0.00175428012903
216.0	0.00175672999336
217.0	0.00175911316957
218.0	0.00176143068873
219.0	0.0017636835703
220.0	0.00176587282198
221.0	0.00176799943961
222.0	0.00177006440698
223.0	0.00177206869582
224.0	0.00177401326568
225.0	0.00177589906392
226.0	0.00177772702562
227.0	0.0017794980736
228.0	0.00178121311839
229.0	0.00178287305826
230.0	0.0017844787792
231.0	0.00178603115499
232.0	0.00178753104718
233.0	0.00178897930521
234.0	0.00179037676642
235.0	0.0017917242561
236.0	0.00179302258762
237.0	0.00179427256245
238.0	0.00179547497026
239.0	0.00179663058904
240.0	0.00179774018513
241.0	0.00179880451339
242.0	0.00179982431726
243.0	0.00180080032888
244.0	0.00180173326917
245.0	0.001802623848
246.0	0.00180347276426
247.0	0.001804280706
248.0	0.00180504835053
249.0	0.00180577636455
250.0	0.00180646540428
251.0	0.0018071161156
252.0	0.00180772913412
253.0	0.00180830508536
254.0	0.00180884458486
255.0	0.00180934823829
256.0	0.00180981664161
257.0	0.00181025038118
258.0	0.00181065003387
259.0	0.00181101616723
260.0	0.00181134933957
261.0	0.00181165010015
262.0	0.00181191898923
263.0	0.00181215653825
264.0	0.00181236326996
265.0	0.00181253969848
266.0	0.00181268632953
267.0	0.00181280366046
268.0	0.00181289218041
269.0	0.00181295237045
270.0	0.00181298470365
271.0	0.00181298964526
272.0	0.0018129676528
273.0	0.00181291917616
274.0	0.00181284465775
275.0	0.0018127445326
276.0	0.00181261922847
277.0	0.00181246916597
278.0	0.00181229475868
279.0	0.00181209641325
280.0	0.0018118745295
281.0	0.00181162950055
282.0	0.00181136171291
283.0	0.00181107154661
284.0	0.00181075937527
285.0	0.00181042556622
286.0	0.00181007048062
287.0	0.00180969447351
288.0	0.00180929789396
289.0	0.00180888108517
290.0	0.0018084443845
291.0	0.00180798812365
292.0	0.0018075126287
293.0	0.00180701822021
294.0	0.00180650521332
295.0	0.00180597391785
296.0	0.00180542463837
297.0	0.00180485767429
298.0	0.00180427331995
299.0	0.00180367186471
300.0	0.00180305359303
301.0	0.00180241878454
302.0	0.00180176771413
303.0	0.00180110065206
304.0	0.00180041786398
305.0	0.00179971961103
306.0	0.00179900614996
307.0	0.00179827773314
308.0	0.00179753460866
309.0	0.00179677702043
310.0	0.0017960052082
311.0	0.00179521940767
312.0	0.00179441985055
313.0	0.00179360676461
314.0	0.00179278037377
315.0	0.00179194089815
316.0	0.00179108855416
317.0	0.00179022355452
318.0	0.00178934610838
319.0	0.00178845642131
320.0	0.00178755469545
321.0	0.00178664112948
322.0	0.00178571591874
323.0	0.00178477925527
324.0	0.00178383132785
325.0	0.00178287232208
326.0	0.00178190242044
327.0	0.0017809218023
328.0	0.00177993064402
329.0	0.00177892911899
330.0	0.00177791739767
331.0	0.00177689564764
332.0	0.00177586403368
333.0	0.00177482271778
334.0	0.00177377185919
335.0	0.00177271161452
336.0	0.00177164213771
337.0	0.00177056358014
338.0	0.00176947609063
339.0	0.00176837981551
340.0	0.00176727489865
341.0	0.00176616148153
342.0	0.00176503970324
343.0	0.00176390970054
344.0	0.00176277160792
345.0	0.0017616255576
346.0	0.00176047167961
347.0	0.00175931010179
348.0	0.00175814094987
349.0	0.00175696434747
350.0	0.00175578041615
351.0	0.00175458927545
352.0	0.00175339104292
353.0	0.00175218583417
354.0	0.00175097376286
355.0	0.00174975494081
356.0	0.00174852947793
357.0	0.00174729748236
358.0	0.00174605906041
359.0	0.00174481431667
360.0	0.00174356335398
361.0	0.00174230627347
362.0	0.00174104317464
363.0	0.00173977415531
364.0	0.00173849931173
365.0	0.00173721873853
366.0	0.00173593252881
367.0	0.00173464077412
368.0	0.00173334356455
369.0	0.00173204098867
370.0	0.00173073313363
371.0	0.00172942008513
372.0	0.0017281019275
373.0	0.00172677874368
374.0	0.00172545061525
375.0	0.00172411762249
376.0	0.00172277984434
377.0	0.00172143735849
378.0	0.00172009024135
379.0	0.0017187385681
380.0	0.00171738241271
381.0	0.00171602184795
382.0	0.0017146569454
383.0	0.00171328777552
384.0	0.0017119144076
385.0	0.00171053690985
386.0	0.00170915534935
387.0	0.00170776979214
388.0	0.00170638030317
389.0	0.00170498694638
390.0	0.00170358978467
391.0	0.00170218887995
392.0	0.00170078429312
393.0	0.00169937608415
394.0	0.00169796431202
395.0	0.0016965490348
396.0	0.00169513030963
397.0	0.00169370819275
398.0	0.00169228273951
399.0	0.00169085400439
400.0	0.00168942204101
401.0	0.00168798690216
402.0	0.00168654863978
403.0	0.001685107305
404.0	0.00168366294818
405.0	0.00168221561886
406.0	0.00168076536582
407.0	0.00167931223708
408.0	0.00167785627992
409.0	0.00167639754088
410.0	0.00167493606578
411.0	0.00167347189973
412.0	0.00167200508716
413.0	0.00167053567179
414.0	0.0016690636967
415.0	0.00166758920427
416.0	0.00166611223627
417.0	0.0016646328338
418.0	0.00166315103735
419.0	0.00166166688679
420.0	0.00166018042139
421.0	0.00165869167981
422.0	0.00165720070014
423.0	0.00165570751988
424.0	0.00165421217598
425.0	0.00165271470482
426.0	0.00165121514224
427.0	0.00164971352355
428.0	0.00164820988351
429.0	0.00164670425639
430.0	0.00164519667594
431.0	0.00164368717538
432.0	0.00164217578749
433.0	0.00164066254452
434.0	0.00163914747826
435.0	0.00163763062004
436.0	0.00163611200071
437.0	0.0016345916507
438.0	0.00163306959996
439.0	0.00163154587803
440.0	0.00163002051399
441.0	0.00162849353653
442.0	0.0016269649739
443.0	0.00162543485396
444.0	0.00162390320415
445.0	0.00162237005154
446.0	0.00162083542278
447.0	0.00161929934417
448.0	0.00161776184162
449.0	0.00161622294066
450.0	0.00161468266647
451.0	0.00161314104389
452.0	0.00161159809737
453.0	0.00161005385105
454.0	0.00160850832872
455.0	0.00160696155382
456.0	0.0016054135495
457.0	0.00160386433855
458.0	0.00160231394345
459.0	0.0016007623864
460.0	0.00159920968926
461.0	0.00159765587359
462.0	0.00159610096068
463.0	0.0015945449715
464.0	0.00159298792676
465.0	0.00159142984685
466.0	0.00158987075193
467.0	0.00158831066185
468.0	0.00158674959622
469.0	0.00158518757436
470.0	0.00158362461535
471.0	0.00158206073801
472.0	0.00158049596091
473.0	0.00157893030237
474.0	0.00157736378048
475.0	0.00157579641306
476.0	0.00157422821774
477.0	0.00157265921189
478.0	0.00157108941266
479.0	0.00156951883697
480.0	0.00156794750153
481.0	0.00156637542283
482.0	0.00156480261716
483.0	0.00156322910059
484.0	0.00156165488897
485.0	0.00156007999798
486.0	0.00155850444307
487.0	0.00155692823952
488.0	0.0015553514024
489.0	0.00155377394661
490.0	0.00155219588683
491.0	0.00155061723759
492.0	0.00154903801323
493.0	0.00154745822791
494.0	0.00154587789562
495.0	0.00154429703016
496.0	0.0015427156452
497.0	0.0015411337542
498.0	0.00153955137048
499.0	0.00153796850721
500.0	0.00153638517737
501.0	0.00153480139381
502.0	0.00153321716923
503.0	0.00153163251616
504.0	0.00153004744698
505.0	0.00152846197396
506.0	0.00152687610918
507.0	0.00152528986461
508.0	0.00152370325206
509.0	0.00152211628324
510.0	0.00152052896967
511.0	0.00151894132279
512.0	0.00151735335388
513.0	0.0015157650741
514.0	0.00151417649448
515.0	0.00151258762593
516.0	0.00151099847924
517.0	0.00150940906507
518.0	0.00150781939398
519.0	0.00150622947639
520.0	0.00150463932263
521.0	0.00150304894289
522.0	0.00150145834727
523.0	0.00149986754575
524.0	0.00149827654822
525.0	0.00149668536443
526.0	0.00149509400406
527.0	0.00149350247667
528.0	0.00149191079172
529.0	0.00149031895858
530.0	0.00148872698651
531.0	0.00148713488468
532.0	0.00148554266216
533.0	0.00148395032794
534.0	0.0014823578909
535.0	0.00148076535984
536.0	0.00147917274348
537.0	0.00147758005043
538.0	0.00147598728923
539.0	0.00147439446833
540.0	0.0014728015961
541.0	0.00147120868081
542.0	0.00146961573069
543.0	0.00146802275383
544.0	0.00146642975831
545.0	0.00146483675207
546.0	0.00146324374302
547.0	0.00146165073896
548.0	0.00146005774764
549.0	0.00145846477674
550.0	0.00145687183384
551.0	0.00145527892648
552.0	0.00145368606212
553.0	0.00145209324813
554.0	0.00145050049186
555.0	0.00144890780055
556.0	0.00144731518139
557.0	0.00144572264151
558.0	0.00144413018798
559.0	0.00144253782779
560.0	0.00144094556789
561.0	0.00143935341515
562.0	0.00143776137639
563.0	0.00143616945838
564.0	0.00143457766781
565.0	0.00143298601134
566.0	0.00143139449555
567.0	0.00142980312698
568.0	0.00142821191211
569.0	0.00142662085737
570.0	0.00142502996913
571.0	0.00142343925371
572.0	0.00142184871739
573.0	0.00142025836639
574.0	0.00141866820688
575.0	0.00141707824498
576.0	0.00141548848677
577.0	0.00141389893828
578.0	0.00141230960548
579.0	0.00141072049431
580.0	0.00140913161067
581.0	0.00140754296039
582.0	0.00140595454927
583.0	0.00140436638309
584.0	0.00140277846754
585.0	0.00140119080831
586.0	0.00139960341102
587.0	0.00139801628128
588.0	0.00139642942462
589.0	0.00139484284656
590.0	0.00139325655258
591.0	0.00139167054811
592.0	0.00139008483855
593.0	0.00138849942925
594.0	0.00138691432554
595.0	0.00138532953271
596.0	0.00138374505601
597.0	0.00138216090065
598.0	0.00138057707182
599.0	0.00137899357467
600.0	0.00137741041431
601.0	0.00137582759583
602.0	0.00137424512427
603.0	0.00137266300465
604.0	0.00137108124197
605.0	0.00136949984116
606.0	0.00136791880717
607.0	0.00136633814488
608.0	0.00136475785916
609.0	0.00136317795484
610.0	0.00136159843674
611.0	0.00136001930963
612.0	0.00135844057827
613.0	0.00135686224738
614.0	0.00135528432165
615.0	0.00135370680576
616.0	0.00135212970436
617.0	0.00135055302205
618.0	0.00134897676344
619.0	0.00134740093309
620.0	0.00134582553555
621.0	0.00134425057533
622.0	0.00134267605694
623.0	0.00134110198484
624.0	0.00133952836349
625.0	0.00133795519731
626.0	0.0013363824907
627.0	0.00133481024805
628.0	0.00133323847371
629.0	0.00133166717204
630.0	0.00133009634734
631.0	0.00132852600391
632.0	0.00132695614603
633.0	0.00132538677796
634.0	0.00132381790394
635.0	0.00132224952817
636.0	0.00132068165487
637.0	0.00131911428821
638.0	0.00131754743235
639.0	0.00131598109144
640.0	0.0013144152696
641.0	0.00131284997094
642.0	0.00131128519954
643.0	0.0013097209595
644.0	0.00130815725485
645.0	0.00130659408964
646.0	0.0013050314679
647.0	0.00130346939364
648.0	0.00130190787083
649.0	0.00130034690348
650.0	0.00129878649552
651.0	0.00129722665092
652.0	0.0012956673736
653.0	0.00129410866749
654.0	0.00129255053648
655.0	0.00129099298446
656.0	0.00128943601532
657.0	0.00128787963292
658.0	0.00128632384109
659.0	0.0012847686437
660.0	0.00128321404454
661.0	0.00128166004745
662.0	0.00128010665621
663.0	0.00127855387461
664.0	0.00127700170644
665.0	0.00127545015545
666.0	0.00127389922539
667.0	0.00127234892001
668.0	0.00127079924304
669.0	0.00126925019819
670.0	0.00126770178919
671.0	0.00126615401971
672.0	0.00126460689346
673.0	0.00126306041411
674.0	0.00126151458533
675.0	0.00125996941077
676.0	0.0012584248941
677.0	0.00125688103895
678.0	0.00125533784895
679.0	0.00125379532772
680.0	0.00125225347888
681.0	0.00125071230604
682.0	0.00124917181278
683.0	0.00124763200271
684.0	0.00124609287941
685.0	0.00124455444643
686.0	0.00124301670737
687.0	0.00124147966576
688.0	0.00123994332517
689.0	0.00123840768914
690.0	0.0012368727612
691.0	0.0012353385449
692.0	0.00123380504374
693.0	0.00123227226126
694.0	0.00123074020096
695.0	0.00122920886635
696.0	0.00122767826093
697.0	0.00122614838819
698.0	0.00122461925162
699.0	0.00122309085472
700.0	0.00122156320094
701.0	0.00122003629378
702.0	0.00121851013668
703.0	0.00121698473313
704.0	0.00121546008658
705.0	0.00121393620047
706.0	0.00121241307827
707.0	0.00121089072342
708.0	0.00120936913935
709.0	0.00120784832951
710.0	0.00120632829733
711.0	0.00120480904624
712.0	0.00120329057966
713.0	0.00120177290103
714.0	0.00120025601375
715.0	0.00119873992125
716.0	0.00119722462694
717.0	0.00119571013423
718.0	0.00119419644652
719.0	0.00119268356724
720.0	0.00119117149976
721.0	0.00118966024751
722.0	0.00118814981388
723.0	0.00118664020225
724.0	0.00118513141604
725.0	0.00118362345863
726.0	0.00118211633341
727.0	0.00118061004377
728.0	0.0011791045931
729.0	0.00117759998479
730.0	0.00117609622222
731.0	0.00117459330877
732.0	0.00117309124784
733.0	0.0011715900428
734.0	0.00117008969703
735.0	0.00116859021392
736.0	0.00116709159685
737.0	0.0011655938492
738.0	0.00116409697435
739.0	0.00116260097567
740.0	0.00116110585655
741.0	0.00115961162038
742.0	0.00115811827052
743.0	0.00115662581036
744.0	0.00115513424329
745.0	0.00115364357267
746.0	0.00115215380191
747.0	0.00115066493437
748.0	0.00114917697345
749.0	0.00114768992252
750.0	0.00114620378498
751.0	0.00114471856421
752.0	0.0011432342636
753.0	0.00114175088654
754.0	0.00114026843642
755.0	0.00113878691664
756.0	0.00113730633059
757.0	0.00113582668167
758.0	0.00113434797327
759.0	0.0011328702088
760.0	0.00113139339166
761.0	0.00112991752525
762.0	0.00112844261298
763.0	0.00112696865827
764.0	0.00112549566452
765.0	0.00112402363515
766.0	0.00112255257358
767.0	0.00112108248323
768.0	0.00111961336752
769.0	0.00111814522988
770.0	0.00111667807374
771.0	0.00111521190254
772.0	0.0011137467197
773.0	0.00111228252867
774.0	0.00111081933289
775.0	0.00110935713582
776.0	0.00110789594089
777.0	0.00110643575157
778.0	0.00110497657132
779.0	0.00110351840359
780.0	0.00110206125186
781.0	0.0011006051196
782.0	0.00109915001027
783.0	0.00109769592737
784.0	0.00109624287437
785.0	0.00109479085477
786.0	0.00109333987205
787.0	0.00109188992972
788.0	0.00109044103129
789.0	0.00108899318025
790.0	0.00108754638012
791.0	0.00108610063442
792.0	0.00108465594668
793.0	0.00108321232042
794.0	0.00108176975918
795.0	0.0010803282665
796.0	0.00107888784592
797.0	0.00107744850099
798.0	0.00107601023528
799.0	0.00107457305235
800.0	0.00107313695576
801.0	0.00107170194909
802.0	0.00107026803592
803.0	0.00106883521984
804.0	0.00106740350444
805.0	0.00106597289333
806.0	0.00106454339011
807.0	0.00106311499839
808.0	0.0010616877218
809.0	0.00106026156395
810.0	0.00105883652849
811.0	0.00105741261906
812.0	0.0010559898393
813.0	0.00105456819287
814.0	0.00105314768342
815.0	0.00105172831464
816.0	0.0010503100902
817.0	0.00104889301377
818.0	0.00104747708906
819.0	0.00104606231976
820.0	0.00104464870957
821.0	0.00104323626223
822.0	0.00104182498144
823.0	0.00104041487094
824.0	0.00103900593446
825.0	0.00103759817576
826.0	0.00103619159859
827.0	0.00103478620672
828.0	0.00103338200391
829.0	0.00103197899394
830.0	0.00103057718062
831.0	0.00102917656772
832.0	0.00102777715907
833.0	0.00102637895847
834.0	0.00102498196975
835.0	0.00102358619675
836.0	0.0010221916433
837.0	0.00102079831326
838.0	0.00101940621049
839.0	0.00101801533885
840.0	0.00101662570224
841.0	0.00101523730453
842.0	0.00101385014963
843.0	0.00101246424145
844.0	0.00101107958389
845.0	0.0010096961809
846.0	0.00100831403641
847.0	0.00100693315436
848.0	0.00100555353872
849.0	0.00100417519344
850.0	0.00100279812252
851.0	0.00100142232994
852.0	0.0010000478197
853.0	0.000998674595803
854.0	0.000997302662275
855.0	0.000995932023145
856.0	0.000994562682455
857.0	0.000993194644256
858.0	0.000991827912612
859.0	0.000990462491596
860.0	0.000989098385294
861.0	0.000987735597801
862.0	0.000986374133225
863.0	0.000985013995685
864.0	0.000983655189309
865.0	0.000982297718241
866.0	0.000980941586631
867.0	0.000979586798646
868.0	0.00097823335846
869.0	0.000976881270261
870.0	0.00097553053825
871.0	0.000974181166637
872.0	0.000972833159646
873.0	0.000971486521512
874.0	0.000970141256484
875.0	0.00096879736882
876.0	0.000967454862793
877.0	0.000966113742687
878.0	0.000964774012799
879.0	0.000963435677438
880.0	0.000962098740927
881.0	0.000960763207599
882.0	0.000959429081802
883.0	0.000958096367897
884.0	0.000956765070255
885.0	0.000955435193263
886.0	0.00095410674132
887.0	0.000952779718838
888.0	0.000951454130241
889.0	0.000950129979969
890.0	0.000948807272473
891.0	0.000947486012219
892.0	0.000946166203684
893.0	0.00094484785136
894.0	0.000943530959755
895.0	0.000942215533386
896.0	0.000940901576788
897.0	0.000939589094506
898.0	0.000938278091102
899.0	0.000936968571151
900.0	0.000935660539242
901.0	0.000934353999977
902.0	0.000933048957973
903.0	0.000931745417863
904.0	0.000930443384291
905.0	0.000929142861918
906.0	0.000927843855417
907.0	0.000926546369479
908.0	0.000925250408806
909.0	0.000923955978118
910.0	0.000922663082146
911.0	0.000921371725639
912.0	0.000920081913359
913.0	0.000918793650083
914.0	0.000917506940605
915.0	0.000916221789731
916.0	0.000914938202285
917.0	0.000913656183104
918.0	0.000912375737041
919.0	0.000911096868965
920.0	0.000909819583759
921.0	0.000908543886322
922.0	0.00090726978157
923.0	0.000905997274432
924.0	0.000904726369855
925.0	0.000903457072799
926.0	0.000902189388242
927.0	0.000900923321177
928.0	0.000899658876613
929.0	0.000898396059575
930.0	0.000897134875104
931.0	0.000895875328256
932.0	0.000894617424105
933.0	0.000893361167739
934.0	0.000892106564264
935.0	0.000890853618802
936.0	0.00088960233649
937.0	0.000888352722482
938.0	0.00088710478195
939.0	0.000885858520081
940.0	0.000884613942077
941.0	0.000883371053161
942.0	0.000882129858568
943.0	0.000880890363552
944.0	0.000879652573384
945.0	0.000878416493351
946.0	0.000877182128757
947.0	0.000875949484923
948.0	0.000874718567187
949.0	0.000873489380903
950.0	0.000872261931444
951.0	0.000871036224199
952.0	0.000869812264574
953.0	0.000868590057992
954.0	0.000867369609894
955.0	0.000866150925737
956.0	0.000864934010998
957.0	0.000863718871168
958.0	0.000862505511757
959.0	0.000861293938292
960.0	0.00086008415632
961.0	0.000858876171401
962.0	0.000857669989115
963.0	0.000856465615061
964.0	0.000855263054854
965.0	0.000854062314125
966.0	0.000852863398526
967.0	0.000851666313725
968.0	0.000850471065407
969.0	0.000849277659278
970.0	0.000848086101057
971.0	0.000846896396486
972.0	0.00084570855132
973.0	0.000844522571336
974.0	0.000843338462327
975.0	0.000842156230104
976.0	0.000840975880496
977.0	0.000839797419351
978.0	0.000838620852533
979.0	0.000837446185927
980.0	0.000836273425434
981.0	0.000835102576974
982.0	0.000833933646483
983.0	0.000832766639919
984.0	0.000831601563256
985.0	0.000830438422485
986.0	0.000829277223617
987.0	0.000828117972681
988.0	0.000826960675724
989.0	0.000825805338811
990.0	0.000824651968026
991.0	0.00082350056947
992.0	0.000822351149264
993.0	0.000821203713546
994.0	0.000820058268472
995.0	0.000818914820218
996.0	0.000817773374976
997.0	0.000816633938958
998.0	0.000815496518394
999.0	0.000814361119532
1000.0	0.000813227748639
1001.0	0.000812096411999
1002.0	0.000810967115915
1003.0	0.000809839866709
1004.0	0.00080871467072
1005.0	0.000807591534306
1006.0	0.000806470463843
1007.0	0.000805351465726
1008.0	0.000804234546366
1009.0	0.000803119712196
1010.0	0.000802006969664
1011.0	0.000800896325238
1012.0	0.000799787785401
1013.0	0.00079868135666
1014.0	0.000797577045534
1015.0	0.000796474858563
1016.0	0.000795374802307
1017.0	0.000794276883339
1018.0	0.000793181108256
1019.0	0.000792087483667
1020.0	0.000790996016204
1021.0	0.000789906712513
1022.0	0.000788819579262
1023.0	0.000787734623132
1024.0	0.000786651850826
1025.0	0.000785571269063
1026.0	0.000784492884579
1027.0	0.000783416704129
1028.0	0.000782342734486
1029.0	0.000781270982439
1030.0	0.000780201454794
1031.0	0.000779134158378
1032.0	0.000778069100033
1033.0	0.000777006286617
1034.0	0.000775945725008
1035.0	0.000774887422099
1036.0	0.000773831384803
1037.0	0.000772777620048
1038.0	0.000771726134779
1039.0	0.00077067693596
1040.0	0.000769630030568
1041.0	0.000768585425601
1042.0	0.000767543128072
1043.0	0.000766503145011
1044.0	0.000765465483464
1045.0	0.000764430150493
1046.0	0.00076339715318
1047.0	0.000762366498618
1048.0	0.000761338193921
1049.0	0.000760312246217
1050.0	0.00075928866265
1051.0	0.000758267450381
1052.0	0.000757248616585
1053.0	0.000756232168455
1054.0	0.0007552181132
1055.0	0.000754206458042
1056.0	0.00075319721022
1057.0	0.000752190376989
1058.0	0.000751185965618
1059.0	0.000750183983392
1060.0	0.000749184437612
1061.0	0.000748187335591
1062.0	0.00074719268466
1063.0	0.000746200492162
1064.0	0.000745210765457
1065.0	0.000744223511919
1066.0	0.000743238738933
1067.0	0.000742256453903
1068.0	0.000741276664244
1069.0	0.000740299377386
1070.0	0.000739324600773
1071.0	0.00073835234186
1072.0	0.000737382608119
1073.0	0.000736415407034
1074.0	0.000735450746102
1075.0	0.000734488632832
1076.0	0.000733529074747
1077.0	0.000732572079383
1078.0	0.000731617654288
1079.0	0.000730665807022
1080.0	0.000729716545158
1081.0	0.00072876987628
1082.0	0.000727825807984
1083.0	0.000726884347879
1084.0	0.000725945503583
1085.0	0.000725009282728
1086.0	0.000724075692956
1087.0	0.000723144741919
1088.0	0.000722216437281
1089.0	0.000721290786715
1090.0	0.000720367797907
1091.0	0.000719447478549
1092.0	0.000718529836347
1093.0	0.000717614879015
1094.0	0.000716702614276
1095.0	0.000715793049863
1096.0	0.000714886193517
1097.0	0.000713982052989
1098.0	0.000713080636039
1099.0	0.000712181950434
1100.0	0.00071128600395
1101.0	0.000710392804371
1102.0	0.000709502359487
1103.0	0.000708614677098
1104.0	0.00070772976501
1105.0	0.000706847631035
1106.0	0.000705968282994
1107.0	0.000705091728712
1108.0	0.000704217976021
1109.0	0.000703347032761
1110.0	0.000702478906774
1111.0	0.000701613605911
1112.0	0.000700751138024
1113.0	0.000699891510974
1114.0	0.000699034732625
1115.0	0.000698180810845
1116.0	0.000697329753505
1117.0	0.000696481568482
1118.0	0.000695636263655
1119.0	0.000694793846906
1120.0	0.000693954326121
1121.0	0.000693117709188
1122.0	0.000692284003997
1123.0	0.00069145321844
1124.0	0.000690625360411
1125.0	0.000689800437805
1126.0	0.000688978458518
1127.0	0.000688159430446
1128.0	0.000687343361487
1129.0	0.000686530259538
1130.0	0.000685720132497
1131.0	0.000684912988258
1132.0	0.000684108834718
1133.0	0.000683307679771
1134.0	0.000682509531308
1135.0	0.000681714397221
1136.0	0.000680922285397
1137.0	0.000680133203723
1138.0	0.000679347160079
1139.0	0.000678564162345
1140.0	0.000677784218397
1141.0	0.000677007336106
1142.0	0.000676233523337
1143.0	0.000675462787953
1144.0	0.00067469513781
1145.0	0.000673930580759
1146.0	0.000673169124644
1147.0	0.000672410777305
1148.0	0.000671655546573
1149.0	0.000670903440272
1150.0	0.000670154466219
1151.0	0.000669408632224
1152.0	0.000668665946086
1153.0	0.000667926415598
1154.0	0.000667190048542
1155.0	0.000666456852692
1156.0	0.00066572683581
1157.0	0.00066500000565
1158.0	0.000664276369952
1159.0	0.000663555936448
1160.0	0.000662838712856
1161.0	0.000662124706884
1162.0	0.000661413926225
1163.0	0.000660706378561
1164.0	0.000660002071559
1165.0	0.000659301012875
1166.0	0.000658603210147
1167.0	0.000657908671001
1168.0	0.000657217403046
1169.0	0.000656529413876
1170.0	0.000655844711071
1171.0	0.000655163302191
1172.0	0.000654485194781
1173.0	0.000653810396368
1174.0	0.000653138914462
1175.0	0.000652470756553
1176.0	0.000651805930113
1177.0	0.000651144442595
1178.0	0.000650486301432
1179.0	0.000649831514037
1180.0	0.000649180087801
1181.0	0.000648532030095
1182.0	0.000647887348268
1183.0	0.000647246049646
1184.0	0.000646608141535
1185.0	0.000645973631214
1186.0	0.000645342525941
1187.0	0.00064471483295
1188.0	0.000644090559448
1189.0	0.000643469712619
1190.0	0.000642852299621
1191.0	0.000642238327586
1192.0	0.000641627803617
1193.0	0.000641020734794
1194.0	0.000640417128167
1195.0	0.000639816990757
1196.0	0.000639220329558
1197.0	0.000638627151535
1198.0	0.000638037463621
1199.0	0.000637451272722
1200.0	0.000636868585712
1201.0	0.000636289409432
1202.0	0.000635713750694
1203.0	0.000635141616276
1204.0	0.000634573012925
1205.0	0.000634007947353
1206.0	0.000633446426239
1207.0	0.000632888456227
1208.0	0.000632334043928
1209.0	0.000631783195917
1210.0	0.00063123591873
1211.0	0.000630692218872
1212.0	0.000630152102808
1213.0	0.000629615576965
1214.0	0.000629082647733
1215.0	0.000628553321465
1216.0	0.000628027604473
1217.0	0.00062750550303
1218.0	0.000626987023369
1219.0	0.000626472171684
1220.0	0.000625960954125
1221.0	0.000625453376803
1222.0	0.000624949445785
1223.0	0.000624449167098
1224.0	0.000623952546723
1225.0	0.0006234595906
1226.0	0.000622970304621
1227.0	0.000622484694638
1228.0	0.000622002766454
1229.0	0.00062152452583
1230.0	0.000621049978476
1231.0	0.00062057913006
1232.0	0.0006201119862
1233.0	0.000619648552466
1234.0	0.000619188834382
1235.0	0.000618732837422
1236.0	0.00061828056701
1237.0	0.00061783202852
1238.0	0.000617387227278
1239.0	0.000616946168558
1240.0	0.000616508857581
1241.0	0.000616075299519
1242.0	0.00061564549949
1243.0	0.00061521946256
1244.0	0.000614797193742
1245.0	0.000614378697993
1246.0	0.00061396398022
1247.0	0.00061355304527
1248.0	0.00061314589794
1249.0	0.000612742542968
1250.0	0.000612342985038
1251.0	0.000611947228775
1252.0	0.000611555278748
1253.0	0.00061116713947
1254.0	0.000610782815394
1255.0	0.000610402310915
1256.0	0.00061002563037
1257.0	0.000609652778035
1258.0	0.000609283758129
1259.0	0.000608918574807
1260.0	0.000608557232167
1261.0	0.000608199734242
1262.0	0.000607846085008
1263.0	0.000607496288375
1264.0	0.000607150348192
1265.0	0.000606808268247
1266.0	0.000606470052262
1267.0	0.000606135703896
1268.0	0.000605805226745
1269.0	0.00060547862434
1270.0	0.000605155900148
1271.0	0.000604837057567
1272.0	0.000604522099935
1273.0	0.00060421103052
1274.0	0.000603903852525
1275.0	0.000603600569085
1276.0	0.00060330118327
1277.0	0.00060300569808
1278.0	0.00060271411645
1279.0	0.000602426441244
1280.0	0.000602142675259
1281.0	0.000601862821223
1282.0	0.000601586881793
1283.0	0.00060131485956
1284.0	0.000601046757041
1285.0	0.000600782576686
1286.0	0.000600522320873
1287.0	0.000600265991908
1288.0	0.000600013592029
1289.0	0.0005997651234
1290.0	0.000599520588113
1291.0	0.000599279988191
1292.0	0.000599043325581
1293.0	0.00059881060216
1294.0	0.00059858181973
1295.0	0.000598356980023
1296.0	0.000598136084695
1297.0	0.00059791913533
1298.0	0.000597706133436
1299.0	0.00059749708045
1300.0	0.000597291977732
1301.0	0.000597090826569
1302.0	0.000596893628173
1303.0	0.000596700383682
1304.0	0.000596511094157
1305.0	0.000596325760584
1306.0	0.000596144383875
1307.0	0.000595966964867
1308.0	0.000595793504317
1309.0	0.000595624002911
1310.0	0.000595458461255
1311.0	0.000595296879882
1312.0	0.000595139259245
1313.0	0.000594985599724
1314.0	0.000594835901621
1315.0	0.000594690165159
1316.0	0.000594548390488
1317.0	0.000594410577679
1318.0	0.000594276726724
1319.0	0.000594146837542
1320.0	0.000594020909971
1321.0	0.000593898943775
1322.0	0.000593780938637
1323.0	0.000593666894165
1324.0	0.000593556809888
1325.0	0.00059345068526
1326.0	0.000593348519656
1327.0	0.000593250312371
1328.0	0.000593156062626
1329.0	0.000593065769562
1330.0	0.000592979432244
1331.0	0.000592897049659
1332.0	0.000592818620716
1333.0	0.000592744144245
1334.0	0.000592673619002
1335.0	0.000592607043661
1336.0	0.000592544416823
1337.0	0.000592485737009
1338.0	0.000592431002662
1339.0	0.00059238021215
1340.0	0.000592333363762
1341.0	0.00059229045571
1342.0	0.00059225148613
1343.0	0.000592216453081
1344.0	0.000592185354543
1345.0	0.000592158188422
1346.0	0.000592134952546
1347.0	0.000592115644666
1348.0	0.000592100262458
1349.0	0.000592088803521
1350.0	0.000592081265378
1351.0	0.000592077645476
1352.0	0.000592077941186
1353.0	0.000592082149805
1354.0	0.000592090268553
1355.0	0.000592102294575
1356.0	0.000592118224941
1357.0	0.000592138056648
1358.0	0.000592161786615
1359.0	0.000592189411689
1360.0	0.000592220928643
1361.0	0.000592256334175
1362.0	0.00059229562491
1363.0	0.000592338797398
1364.0	0.000592385848119
1365.0	0.000592436773478
1366.0	0.000592491569806
1367.0	0.000592550233364
1368.0	0.00059261276034
1369.0	0.000592679146851
1370.0	0.00059274938894
1371.0	0.000592823482582
1372.0	0.000592901423679
1373.0	0.000592983208062
1374.0	0.000593068831494
1375.0	0.000593158289665
1376.0	0.000593251578198
1377.0	0.000593348692646
1378.0	0.000593449628491
1379.0	0.00059355438115
1380.0	0.000593662945968
1381.0	0.000593775318225
1382.0	0.000593891493132
1383.0	0.000594011465833
1384.0	0.000594135231406
1385.0	0.000594262784861
1386.0	0.000594394121143
1387.0	0.000594529235131
1388.0	0.00059466812164
1389.0	0.000594810775419
1390.0	0.000594957191152
1391.0	0.00059510736346
1392.0	0.000595261286901
1393.0	0.000595418955969
1394.0	0.000595580365094
1395.0	0.000595745508646
1396.0	0.000595914380931
1397.0	0.000596086976196
1398.0	0.000596263288626
1399.0	0.000596443312343
1400.0	0.000596627041414
1401.0	0.000596814469841
1402.0	0.000597005591571
1403.0	0.00059720040049
1404.0	0.000597398890427
1405.0	0.000597601055152
1406.0	0.000597806888379
1407.0	0.000598016383765
1408.0	0.00059822953491
1409.0	0.000598446335359
1410.0	0.000598666778601
1411.0	0.00059889085807
1412.0	0.000599118567148
1413.0	0.000599349899161
1414.0	0.000599584847381
1415.0	0.000599823405029
1416.0	0.000600065565274
1417.0	0.000600311321232
1418.0	0.000600560665967
1419.0	0.000600813592495
1420.0	0.000601070093779
1421.0	0.000601330162734
1422.0	0.000601593792225
1423.0	0.00060186097507
1424.0	0.000602131704037
1425.0	0.000602405971847
1426.0	0.000602683771174
1427.0	0.000602965094646
1428.0	0.000603249934845
1429.0	0.000603538284306
1430.0	0.000603830135521
1431.0	0.000604125480938
1432.0	0.00060442431296
1433.0	0.000604726623946
1434.0	0.000605032406215
1435.0	0.000605341652041
1436.0	0.000605654353658
1437.0	0.000605970503258
1438.0	0.000606290092995
1439.0	0.00060661311498
1440.0	0.000606939561285
1441.0	0.000607269423945
1442.0	0.000607602694956
1443.0	0.000607939366275
1444.0	0.000608279429823
1445.0	0.000608622877485
1446.0	0.000608969701108
1447.0	0.000609319892505
1448.0	0.000609673443454
1449.0	0.000610030345698
1450.0	0.000610390590945
1451.0	0.000610754170873
1452.0	0.000611121077124
1453.0	0.00061149130131
1454.0	0.000611864835009
1455.0	0.00061224166977
1456.0	0.000612621797112
1457.0	0.000613005208521
1458.0	0.000613391895456
1459.0	0.000613781849347
1460.0	0.000614175061594
1461.0	0.000614571523571
1462.0	0.000614971226624
1463.0	0.000615374162072
1464.0	0.000615780321208
1465.0	0.0006161896953
1466.0	0.000616602275589
1467.0	0.000617018053295
1468.0	0.00061743701961
1469.0	0.000617859165705
1470.0	0.000618284482728
1471.0	0.000618712961802
1472.0	0.000619144594032
1473.0	0.000619579370499
1474.0	0.000620017282263
1475.0	0.000620458320366
1476.0	0.000620902475828
1477.0	0.000621349739651
1478.0	0.000621800102817
1479.0	0.00062225355629
1480.0	0.000622710091019
1481.0	0.000623169697931
1482.0	0.000623632367941
1483.0	0.000624098091945
1484.0	0.000624566860823
1485.0	0.000625038665442
1486.0	0.000625513496653
1487.0	0.000625991345293
1488.0	0.000626472202186
1489.0	0.00062695605814
1490.0	0.000627442903954
1491.0	0.000627932730414
1492.0	0.000628425528291
1493.0	0.000628921288349
1494.0	0.000629420001339
1495.0	0.000629921658002
1496.0	0.00063042624907
1497.0	0.000630933765264
1498.0	0.000631444197298
1499.0	0.000631957535875
1500.0	0.000632473771694
1501.0	0.000632992895442
1502.0	0.000633514897803
1503.0	0.000634039769451
1504.0	0.000634567501056
1505.0	0.000635098083282
1506.0	0.000635631506787
1507.0	0.000636167762225
1508.0	0.000636706840245
1509.0	0.000637248731492
1510.0	0.000637793426608
1511.0	0.000638340916231
1512.0	0.000638891190998
1513.0	0.000639444241543
1514.0	0.000640000058496
1515.0	0.00064055863249
1516.0	0.000641119954152
1517.0	0.000641684014111
1518.0	0.000642250802998
1519.0	0.000642820311439
1520.0	0.000643392530065
1521.0	0.000643967449505
1522.0	0.000644545060392
1523.0	0.000645125353359
1524.0	0.000645708319042
1525.0	0.000646293948078
1526.0	0.000646882231108
1527.0	0.000647473158777
1528.0	0.000648066721733
1529.0	0.000648662910626
1530.0	0.000649261716114
1531.0	0.000649863128857
1532.0	0.000650467139521
1533.0	0.000651073738777
1534.0	0.000651682917302
1535.0	0.00065229466578
1536.0	0.000652908974899
1537.0	0.000653525835356
1538.0	0.000654145237855
1539.0	0.000654767173105
1540.0	0.000655391631826
1541.0	0.000656018604743
1542.0	0.000656648082593
1543.0	0.000657280056118
1544.0	0.00065791451607
1545.0	0.000658551453213
1546.0	0.000659190858317
1547.0	0.000659832722163
1548.0	0.000660477035544
1549.0	0.000661123789261
1550.0	0.000661772974127
1551.0	0.000662424580966
1552.0	0.000663078600613
1553.0	0.000663735023915
1554.0	0.00066439384173
1555.0	0.00066505504493
1556.0	0.000665718624398
1557.0	0.000666384571029
1558.0	0.000667052875733
1559.0	0.000667723529432
1560.0	0.000668396523062
1561.0	0.000669071847571
1562.0	0.000669749493923
1563.0	0.000670429453095
1564.0	0.000671111716079
1565.0	0.000671796273882
1566.0	0.000672483117526
1567.0	0.000673172238046
1568.0	0.000673863626494
1569.0	0.000674557273939
1570.0	0.000675253171463
1571.0	0.000675951310165
1572.0	0.000676651681162
1573.0	0.000677354275584
1574.0	0.000678059084581
1575.0	0.000678766099318
1576.0	0.000679475310978
1577.0	0.00068018671076
1578.0	0.00068090028988
1579.0	0.000681616039575
1580.0	0.000682333951095
1581.0	0.000683054015713
1582.0	0.000683776224716
1583.0	0.000684500569411
1584.0	0.000685227041124
1585.0	0.000685955631199
1586.0	0.000686686330999
1587.0	0.000687419131906
1588.0	0.000688154025322
1589.0	0.000688891002666
1590.0	0.000689630055378
1591.0	0.00069037117492
1592.0	0.000691114352769
1593.0	0.000691859580425
1594.0	0.000692606849409
1595.0	0.000693356151258
1596.0	0.000694107477535
1597.0	0.000694860819818
1598.0	0.00069561616971
1599.0	0.000696373518832
1600.0	0.000697132858826
1601.0	0.000697894181358
1602.0	0.000698657478112
1603.0	0.000699422740794
1604.0	0.000700189961131
1605.0	0.000700959130874
1606.0	0.000701730241792
1607.0	0.000702503285677
1608.0	0.000703278254345
1609.0	0.000704055139631
1610.0	0.000704833933393
1611.0	0.000705614627512
1612.0	0.000706397213889
1613.0	0.00070718168445
1614.0	0.000707968031142
1615.0	0.000708756245933
1616.0	0.000709546320818
1617.0	0.000710338247809
1618.0	0.000711132018945
1619.0	0.000711927626287
1620.0	0.000712725061916
1621.0	0.00071352431794
1622.0	0.000714325386488
1623.0	0.000715128259711
1624.0	0.000715932929786
1625.0	0.000716739388911
1626.0	0.000717547629308
1627.0	0.000718357643223
1628.0	0.000719169422924
1629.0	0.000719982960704
1630.0	0.000720798248878
1631.0	0.000721615279785
1632.0	0.00072243404579
1633.0	0.000723254539277
1634.0	0.000724076752659
1635.0	0.000724900678369
1636.0	0.000725726308865
1637.0	0.000726553636628
1638.0	0.000727382654166
1639.0	0.000728213354006
1640.0	0.000729045728704
1641.0	0.000729879770837
1642.0	0.000730715473006
1643.0	0.000731552827837
1644.0	0.000732391827981
1645.0	0.000733232466111
1646.0	0.000734074734925
1647.0	0.000734918627145
1648.0	0.000735764135519
1649.0	0.000736611252816
1650.0	0.000737459971832
1651.0	0.000738310285387
1652.0	0.000739162186322
1653.0	0.000740015667507
1654.0	0.000740870721832
1655.0	0.000741727342215
1656.0	0.000742585521596
1657.0	0.00074344525294
1658.0	0.000744306529236
1659.0	0.000745169343498
1660.0	0.000746033688763
1661.0	0.000746899558093
1662.0	0.000747766944576
1663.0	0.000748635841322
1664.0	0.000749506241466
1665.0	0.000750378138167
1666.0	0.00075125152461
1667.0	0.000752126394002
1668.0	0.000753002739576
1669.0	0.000753880554589
1670.0	0.00075475983232
1671.0	0.000755640566077
1672.0	0.000756522749187
1673.0	0.000757406375004
1674.0	0.000758291436908
1675.0	0.000759177928299
1676.0	0.000760065842603
1677.0	0.000760955173272
1678.0	0.00076184591378
1679.0	0.000762738057625
1680.0	0.000763631598331
1681.0	0.000764526529444
1682.0	0.000765422844535
1683.0	0.0007663205372
1684.0	0.000767219601056
1685.0	0.000768120029748
1686.0	0.000769021816942
1687.0	0.000769924956328
1688.0	0.000770829441622
1689.0	0.000771735266562
1690.0	0.00077264242491
1691.0	0.000773550910453
1692.0	0.000774460717001
1693.0	0.000775371838387
1694.0	0.000776284268468
1695.0	0.000777198001126
1696.0	0.000778113030265
1697.0	0.000779029349814
1698.0	0.000779946953723
1699.0	0.000780865835969
1700.0	0.00078178599055
1701.0	0.000782707411487
1702.0	0.000783630092828
1703.0	0.000784554028639
1704.0	0.000785479213014
1705.0	0.000786405640068
1706.0	0.000787333303938
1707.0	0.000788262198788
1708.0	0.000789192318801
1709.0	0.000790123658186
1710.0	0.000791056211174
1711.0	0.000791989972017
1712.0	0.000792924934994
1713.0	0.000793861094402
1714.0	0.000794798444566
1715.0	0.000795736979831
1716.0	0.000796676694563
1717.0	0.000797617583154
1718.0	0.000798559640017
1719.0	0.000799502859587
1720.0	0.000800447236323
1721.0	0.000801392764706
1722.0	0.000802339439239
1723.0	0.000803287254447
1724.0	0.000804236204877
1725.0	0.000805186285101
1726.0	0.00080613748971
1727.0	0.000807089813318
1728.0	0.000808043250562
1729.0	0.0008089977961
1730.0	0.000809953444612
1731.0	0.000810910190802
1732.0	0.000811868029391
1733.0	0.000812826955128
1734.0	0.000813786962779
1735.0	0.000814748047132
1736.0	0.000815710203001
1737.0	0.000816673425215
1738.0	0.00081763770863
1739.0	0.000818603048121
1740.0	0.000819569438583
1741.0	0.000820536874936
1742.0	0.000821505352118
1743.0	0.00082247486509
1744.0	0.000823445408832
1745.0	0.000824416978348
1746.0	0.000825389568661
1747.0	0.000826363174815
1748.0	0.000827337791876
1749.0	0.000828313414929
1750.0	0.000829290039082
1751.0	0.000830267659461
1752.0	0.000831246271215
1753.0	0.000832225869513
1754.0	0.000833206449543
1755.0	0.000834188006515
1756.0	0.000835170535658
1757.0	0.000836154032223
1758.0	0.000837138491481
1759.0	0.000838123908721
1760.0	0.000839110279254
1761.0	0.000840097598411
1762.0	0.000841085861542
1763.0	0.000842075064017
1764.0	0.000843065201228
1765.0	0.000844056268583
1766.0	0.000845048261513
1767.0	0.000846041175466
1768.0	0.000847035005913
1769.0	0.00084802974834
1770.0	0.000849025398256
1771.0	0.000850021951188
1772.0	0.000851019402682
1773.0	0.000852017748304
1774.0	0.000853016983638
1775.0	0.00085401710429
1776.0	0.00085501810588
1777.0	0.000856019984053
1778.0	0.000857022734467
1779.0	0.000858026352803
1780.0	0.000859030834758
1781.0	0.000860036176051
1782.0	0.000861042372417
1783.0	0.000862049419609
1784.0	0.0008630573134
1785.0	0.000864066049583
1786.0	0.000865075623965
1787.0	0.000866086032374
1788.0	0.000867097270657
1789.0	0.000868109334678
1790.0	0.000869122220319
1791.0	0.000870135923479
1792.0	0.000871150440078
1793.0	0.00087216576605
1794.0	0.00087318189735
1795.0	0.00087419882995
1796.0	0.000875216559838
1797.0	0.000876235083022
1798.0	0.000877254395525
1799.0	0.00087827449339
1800.0	0.000879295372675
1801.0	0.000880317029458
1802.0	0.000881339459832
1803.0	0.000882362659909
1804.0	0.000883386625816
1805.0	0.000884411353699
1806.0	0.00088543683972
1807.0	0.000886463080058
1808.0	0.00088749007091
1809.0	0.000888517808489
1810.0	0.000889546289023
1811.0	0.00089057550876
1812.0	0.000891605463962
1813.0	0.000892636150908
1814.0	0.000893667565896
1815.0	0.000894699705237
1816.0	0.00089573256526
1817.0	0.000896766142309
1818.0	0.000897800432747
1819.0	0.00089883543295
1820.0	0.000899871139312
1821.0	0.000900907548243
1822.0	0.000901944656168
1823.0	0.000902982459527
1824.0	0.000904020954779
1825.0	0.000905060138397
1826.0	0.000906100006868
1827.0	0.000907140556697
1828.0	0.000908181784404
1829.0	0.000909223686524
1830.0	0.000910266259608
1831.0	0.000911309500223
1832.0	0.000912353404949
1833.0	0.000913397970382
1834.0	0.000914443193136
1835.0	0.000915489069837
1836.0	0.000916535597127
1837.0	0.000917582771663
1838.0	0.000918630590118
1839.0	0.000919679049177
1840.0	0.000920728145542
1841.0	0.000921777875931
1842.0	0.000922828237073
1843.0	0.000923879225715
1844.0	0.000924930838617
1845.0	0.000925983072554
1846.0	0.000927035924315
1847.0	0.000928089390703
1848.0	0.000929143468536
1849.0	0.000930198154647
1850.0	0.000931253445881
1851.0	0.0009323093391
1852.0	0.000933365831177
1853.0	0.000934422919001
1854.0	0.000935480599475
1855.0	0.000936538869515
1856.0	0.000937597726051
1857.0	0.000938657166027
1858.0	0.000939717186401
1859.0	0.000940777784144
1860.0	0.000941838956241
1861.0	0.00094290069969
1862.0	0.000943963011503
1863.0	0.000945025888706
1864.0	0.000946089328337
1865.0	0.000947153327448
1866.0	0.000948217883104
1867.0	0.000949282992384
1868.0	0.00095034865238
1869.0	0.000951414860195
1870.0	0.000952481612947
1871.0	0.000953548907768
1872.0	0.000954616741799
1873.0	0.000955685112199
1874.0	0.000956754016134
1875.0	0.000957823450788
1876.0	0.000958893413355
1877.0	0.000959963901042
1878.0	0.000961034911068
1879.0	0.000962106440665
1880.0	0.000963178487078
1881.0	0.000964251047565
1882.0	0.000965324119393
1883.0	0.000966397699845
1884.0	0.000967471786215
1885.0	0.000968546375808
1886.0	0.000969621465942
1887.0	0.000970697053948
1888.0	0.000971773137167
1889.0	0.000972849712955
1890.0	0.000973926778675
1891.0	0.000975004331707
1892.0	0.000976082369441
1893.0	0.000977160889276
1894.0	0.000978239888627
1895.0	0.000979319364918
1896.0	0.000980399315586
1897.0	0.000981479738077
1898.0	0.000982560629852
1899.0	0.000983641988381
1900.0	0.000984723811146
1901.0	0.00098580609564
1902.0	0.000986888839368
1903.0	0.000987972039846
1904.0	0.000989055694602
1905.0	0.000990139801172
1906.0	0.000991224357107
1907.0	0.000992309359966
1908.0	0.000993394807321
1909.0	0.000994480696754
1910.0	0.000995567025857
1911.0	0.000996653792236
1912.0	0.000997740993504
1913.0	0.000998828627286
1914.0	0.000999916691219
1915.0	0.00100100518295
1916.0	0.00100209410013
1917.0	0.00100318344044
1918.0	0.00100427320155
1919.0	0.00100536338114
1920.0	0.00100645397692
1921.0	0.00100754498661
1922.0	0.0010086364079
1923.0	0.00100972823855
1924.0	0.00101082047628
1925.0	0.00101191311884
1926.0	0.00101300616401
1927.0	0.00101409960954
1928.0	0.00101519345322
1929.0	0.00101628769284
1930.0	0.00101738232619
1931.0	0.0010184773511
1932.0	0.00101957276537
1933.0	0.00102066856684
1934.0	0.00102176475335
1935.0	0.00102286132274
1936.0	0.00102395827288
1937.0	0.00102505560163
1938.0	0.00102615330688
1939.0	0.0010272513865
1940.0	0.0010283498384
1941.0	0.00102944866049
1942.0	0.00103054785067
1943.0	0.00103164740687
1944.0	0.00103274732703
1945.0	0.00103384760909
1946.0	0.00103494825101
1947.0	0.00103604925074
1948.0	0.00103715060626
1949.0	0.00103825231554
1950.0	0.00103935437658
1951.0	0.00104045678738
1952.0	0.00104155954594
1953.0	0.00104266265027
1954.0	0.00104376609841
1955.0	0.00104486988838
1956.0	0.00104597401823
1957.0	0.00104707848601
1958.0	0.00104818328979
1959.0	0.00104928842762
1960.0	0.00105039389758
1961.0	0.00105149969777
1962.0	0.00105260582628
1963.0	0.0010537122812
1964.0	0.00105481906066
1965.0	0.00105592616276
1966.0	0.00105703358565
1967.0	0.00105814132745
1968.0	0.00105924938631
1969.0	0.00106035776038
1970.0	0.00106146644783
1971.0	0.00106257544682
1972.0	0.00106368475554
1973.0	0.00106479437216
1974.0	0.00106590429489
1975.0	0.00106701452192
1976.0	0.00106812505146
1977.0	0.00106923588173
1978.0	0.00107034701097
1979.0	0.00107145843739
1980.0	0.00107257015925
1981.0	0.00107368217479
1982.0	0.00107479448227
1983.0	0.00107590707996
1984.0	0.00107701996612
1985.0	0.00107813313905
1986.0	0.00107924659702
1987.0	0.00108036033833
1988.0	0.00108147436128
1989.0	0.0010825886642
1990.0	0.00108370324538
1991.0	0.00108481810317
1992.0	0.00108593323589
1993.0	0.00108704864188
1994.0	0.00108816431949
1995.0	0.00108928026709
1996.0	0.00109039648302
1997.0	0.00109151296566
1998.0	0.00109262971338
1999.0	0.00109374672458
2000.0	0.00109486399764
