Iteration number	SNR ZLP
1.0	0.890705458029
2.0	1.05589227136
3.0	1.21257643522
4.0	1.36428727465
5.0	1.51308255264
6.0	1.66029706399
7.0	1.80686327824
8.0	1.9534707517
9.0	2.10065385598
10.0	2.24884361646
11.0	2.39839997716
12.0	2.54963271753
13.0	2.70281549068
14.0	2.85819554671
15.0	3.01600067048
16.0	3.17644427421
17.0	3.33972923812
18.0	3.5060508826
19.0	3.67559932492
20.0	3.84856139208
21.0	4.02512220831
22.0	4.20546654126
23.0	4.38977996769
24.0	4.57824990361
25.0	4.77106653298
26.0	4.96842366122
27.0	5.1705177798
28.0	5.37694106476
29.0	5.58847956414
30.0	5.80534620173
31.0	6.0277611235
32.0	6.25595240264
33.0	6.49015675753
34.0	6.73062028961
35.0	6.97759924757
36.0	7.23136082432
37.0	7.49218399283
38.0	7.7603603873
39.0	8.03619523616
40.0	8.32000835366
41.0	8.61177631008
42.0	8.91167124045
43.0	9.22053910631
44.0	9.53876446206
45.0	9.86675218356
46.0	10.2049289469
47.0	10.5537448267
48.0	10.9136750273
49.0	11.2852217597
50.0	11.6689162813
51.0	12.0653211151
52.0	12.4750324679
53.0	12.8986828701
54.0	13.3369440608
55.0	13.7905301471
56.0	14.2602010681
57.0	14.7467663987
58.0	15.2510895352
59.0	15.7740923057
60.0	16.3167600594
61.0	16.7934424429
62.0	17.2747197852
63.0	17.7687897482
64.0	18.2761062757
65.0	18.7971441763
66.0	19.3324003663
67.0	19.882395202
68.0	20.447673907
69.0	21.0288081048
70.0	21.6263974639
71.0	22.2410714673
72.0	22.8734913153
73.0	23.5243519762
74.0	24.1943843959
75.0	24.8843578835
76.0	25.5950826875
77.0	26.3274127819
78.0	27.0822488827
79.0	27.8605417155
80.0	28.6632955619
81.0	29.4915721104
82.0	30.3464946436
83.0	31.2292525981
84.0	32.1411065328
85.0	33.0833935531
86.0	34.057533238
87.0	35.0650341253
88.0	36.1075008195
89.0	37.1866417904
90.0	38.3042779444
91.0	39.462352058
92.0	40.6188007063
93.0	41.316068544
94.0	42.0204422417
95.0	42.7321589027
96.0	43.4512676706
97.0	44.1778177973
98.0	44.9118586496
99.0	45.6534397167
100.0	46.4026106167
101.0	47.1594211053
102.0	47.9239210827
103.0	48.6961606023
104.0	49.4761898796
105.0	50.1472857409
106.0	50.2325760995
107.0	50.3161161283
108.0	50.217291405
109.0	49.8895191065
110.0	49.5714708083
111.0	49.262781817
112.0	48.9631045012
113.0	48.6721073438
114.0	48.3894740549
115.0	48.1149027398
116.0	47.8481051185
117.0	47.5888057942
118.0	47.3367415659
119.0	47.0916607834
120.0	46.853322741
121.0	46.6214971083
122.0	46.3959633943
123.0	46.1765104435
124.0	45.9629359621
125.0	45.7550460713
126.0	45.5526548868
127.0	45.355584123
128.0	45.1636627188
129.0	44.9767264857
130.0	44.7946177753
131.0	44.6171851651
132.0	44.4442831628
133.0	44.2757719257
134.0	44.1115169962
135.0	43.9513890517
136.0	43.7952636676
137.0	43.6430210935
138.0	43.4945460407
139.0	43.3497274816
140.0	43.2084584595
141.0	43.0706359075
142.0	42.936160478
143.0	42.8049363801
144.0	42.6768712254
145.0	42.551875882
146.0	42.4298643356
147.0	42.3107535574
148.0	42.1944633783
149.0	42.0809163706
150.0	41.9700377333
151.0	41.763761799
152.0	41.5521421683
153.0	41.3467100681
154.0	41.1472347006
155.0	40.9534963903
156.0	40.765285922
157.0	40.582403925
158.0	40.4046603003
159.0	40.231873688
160.0	40.0638709702
161.0	39.9004868083
162.0	39.7415632102
163.0	39.5869491274
164.0	39.4365000771
165.0	39.2900777895
166.0	39.1475498775
167.0	38.9450869494
168.0	38.7381197643
169.0	38.5372101561
170.0	38.342128895
171.0	38.1526579754
172.0	37.9685899367
173.0	37.7897272334
174.0	37.6158816494
175.0	37.4468737531
176.0	37.2825323911
177.0	37.1226942161
178.0	36.9672032466
179.0	36.8159104562
180.0	36.6686733908
181.0	36.5253558099
182.0	36.3858273513
183.0	36.2499632181
184.0	36.1176438848
185.0	35.9887548219
186.0	35.8631862379
187.0	35.740832837
188.0	35.6215935918
189.0	35.5053715289
190.0	35.3920735284
191.0	35.2816101346
192.0	35.1738953776
193.0	35.0688466058
194.0	34.9663843275
195.0	34.8664320618
196.0	34.7689161976
197.0	34.673765861
198.0	34.5809127895
199.0	34.4902912132
200.0	34.4018377424
201.0	34.3154912616
202.0	34.2311928288
203.0	34.14888558
204.0	34.0685146393
205.0	33.9900270328
206.0	33.9133716076
207.0	33.8384989549
208.0	33.7653613365
209.0	33.6939126152
210.0	33.6241081892
211.0	33.5559049289
212.0	33.4892611172
213.0	33.4241363927
214.0	33.3604916958
215.0	33.2982892167
216.0	33.2374923467
217.0	33.1780656312
218.0	33.1199747252
219.0	33.0631863507
220.0	33.0076682561
221.0	32.9533891774
222.0	32.9003188012
223.0	32.8484277296
224.0	32.7976874458
225.0	32.7480702825
226.0	32.6995493907
227.0	32.6520987102
228.0	32.6056929413
229.0	32.5603075179
230.0	32.5159185812
231.0	32.4725029555
232.0	32.430038124
233.0	32.3885022062
234.0	32.3478739359
235.0	32.3081326404
236.0	32.2692582204
237.0	32.2312311307
238.0	32.1940323616
239.0	32.1576434214
240.0	32.1220463191
241.0	32.087223548
242.0	32.0531580701
243.0	32.0198333008
244.0	31.9872330946
245.0	31.9553417308
246.0	31.9241439004
247.0	31.8936246925
248.0	31.8637695828
249.0	31.8345644206
250.0	31.8059954179
251.0	31.7780491381
252.0	31.750712485
253.0	31.7239726931
254.0	31.6978173169
255.0	31.6722342217
256.0	31.6472115743
257.0	31.6227378342
258.0	31.5988017446
259.0	31.5753923245
260.0	31.5524988602
261.0	31.5301108982
262.0	31.508218237
263.0	31.4868109206
264.0	31.4658792307
265.0	31.4454136807
266.0	31.425405009
267.0	31.4058441721
268.0	31.3867223395
269.0	31.368030887
270.0	31.3497613914
271.0	31.3319056248
272.0	31.3144555495
273.0	31.2974033126
274.0	31.2807412412
275.0	31.2644618372
276.0	31.2485577733
277.0	31.2330218876
278.0	31.2178471801
279.0	31.2030268076
280.0	31.1885540802
281.0	31.174422457
282.0	31.1606255425
283.0	31.1471570823
284.0	31.1340109601
285.0	31.1211811938
286.0	31.1086619321
287.0	31.0964474513
288.0	31.084532152
289.0	31.0729105559
290.0	31.061577303
291.0	31.0505271483
292.0	31.0397549594
293.0	31.0292557132
294.0	31.0190244935
295.0	31.0090564885
296.0	30.9993469879
297.0	30.9898913809
298.0	30.9806851531
299.0	30.9717238849
300.0	30.9630032488
301.0	30.9545190073
302.0	30.9462670108
303.0	30.9382431954
304.0	30.930443581
305.0	30.9228642692
306.0	30.9155014415
307.0	30.9083513575
308.0	30.9014103526
309.0	30.8946748369
310.0	30.8881412932
311.0	30.8818062751
312.0	30.8756664055
313.0	30.8697183755
314.0	30.8639589419
315.0	30.8583849266
316.0	30.8529932147
317.0	30.8477807529
318.0	30.8427445485
319.0	30.837881668
320.0	30.8331892355
321.0	30.8286644316
322.0	30.8243044922
323.0	30.820106707
324.0	30.8160684187
325.0	30.8121870215
326.0	30.8084599604
327.0	30.8048847294
328.0	30.8014588711
329.0	30.7981799753
330.0	30.795045678
331.0	30.7920536606
332.0	30.7892016486
333.0	30.7864874109
334.0	30.7839087589
335.0	30.7814635453
336.0	30.7791496636
337.0	30.7769650469
338.0	30.7749076673
339.0	30.772975535
340.0	30.7711666973
341.0	30.7694792381
342.0	30.7679112773
343.0	30.7664609693
344.0	30.765126503
345.0	30.763906101
346.0	30.7627980184
347.0	30.7618005429
348.0	30.7609119932
349.0	30.7601307192
350.0	30.7594551009
351.0	30.758883548
352.0	30.7584144991
353.0	30.7580464212
354.0	30.7577778092
355.0	30.7576071852
356.0	30.7575330981
357.0	30.7575541228
358.0	30.75766886
359.0	30.7578759354
360.0	30.7581739995
361.0	30.7585617268
362.0	30.7590378155
363.0	30.7596009868
364.0	30.7602499849
365.0	30.7609835762
366.0	30.7618005487
367.0	30.762699712
368.0	30.7636798966
369.0	30.7647399536
370.0	30.7658787542
371.0	30.7670951895
372.0	30.7683881696
373.0	30.7697566242
374.0	30.7711995009
375.0	30.7727157662
376.0	30.7743044042
377.0	30.7759644165
378.0	30.7776948221
379.0	30.7794946568
380.0	30.7813629729
381.0	30.7832988391
382.0	30.7853013399
383.0	30.7873695754
384.0	30.7895026613
385.0	30.791699728
386.0	30.7939599207
387.0	30.7962823993
388.0	30.7986663378
389.0	30.8011109238
390.0	30.8036153591
391.0	30.8061788586
392.0	30.8088006502
393.0	30.8114799751
394.0	30.8142160869
395.0	30.8170082516
396.0	30.8198557475
397.0	30.8227578649
398.0	30.8257139057
399.0	30.8287231833
400.0	30.8317850227
401.0	30.8348987597
402.0	30.8380637411
403.0	30.8412793244
404.0	30.8445448775
405.0	30.8478597787
406.0	30.8512234164
407.0	30.8546351888
408.0	30.8580945041
409.0	30.8616007799
410.0	30.8651534431
411.0	30.8687519299
412.0	30.8723956856
413.0	30.8760841644
414.0	30.8798168291
415.0	30.8835931512
416.0	30.8874126104
417.0	30.8912746949
418.0	30.8951789009
419.0	30.8991247325
420.0	30.9031117018
421.0	30.9071393284
422.0	30.9112071394
423.0	30.9153146696
424.0	30.9194614607
425.0	30.9236470618
426.0	30.927871029
427.0	30.932132925
428.0	30.9364323197
429.0	30.9407687894
430.0	30.9451419168
431.0	30.9495512914
432.0	30.9539965087
433.0	30.9584771704
434.0	30.9629928844
435.0	30.9675432645
436.0	30.9721279304
437.0	30.9767465075
438.0	30.981398627
439.0	30.9860839255
440.0	30.9908020451
441.0	30.9955526335
442.0	31.0003353434
443.0	31.0051498327
444.0	31.0099957645
445.0	31.014872807
446.0	31.0197806331
447.0	31.0247189207
448.0	31.0296873524
449.0	31.0346856154
450.0	31.0397134016
451.0	31.0447704074
452.0	31.0498563336
453.0	31.0549708853
454.0	31.0601137719
455.0	31.0652847072
456.0	31.070483409
457.0	31.075709599
458.0	31.0809630032
459.0	31.0862433514
460.0	31.0915503771
461.0	31.096883818
462.0	31.1022434151
463.0	31.1076289133
464.0	31.1130400611
465.0	31.1184766106
466.0	31.1239383172
467.0	31.12942494
468.0	31.1349362411
469.0	31.1404719863
470.0	31.1460319445
471.0	31.1516158877
472.0	31.1572235912
473.0	31.1628548335
474.0	31.1685093959
475.0	31.1741870628
476.0	31.1798876216
477.0	31.1856108626
478.0	31.1913565789
479.0	31.1971245664
480.0	31.2029146239
481.0	31.2087265527
482.0	31.2145601569
483.0	31.2204152432
484.0	31.2262916209
485.0	31.2321891019
486.0	31.2381075005
487.0	31.2440466335
488.0	31.2500063201
489.0	31.2559863819
490.0	31.2619866429
491.0	31.2680069293
492.0	31.2740470696
493.0	31.2801068946
494.0	31.2861862373
495.0	31.2922849327
496.0	31.2984028181
497.0	31.3045397328
498.0	31.3106955182
499.0	31.3168700178
500.0	31.3230630768
501.0	31.3292745428
502.0	31.335504265
503.0	31.3417520947
504.0	31.3480178848
505.0	31.3543014903
506.0	31.360602768
507.0	31.3669215764
508.0	31.3732577758
509.0	31.3796112281
510.0	31.385981797
511.0	31.392369348
512.0	31.3987737481
513.0	31.405194866
514.0	31.4116325718
515.0	31.4180867375
516.0	31.4245572364
517.0	31.4310439434
518.0	31.437546735
519.0	31.444065489
520.0	31.4506000847
521.0	31.4571504031
522.0	31.4637163262
523.0	31.4702977376
524.0	31.4768945224
525.0	31.4835065668
526.0	31.4901337585
527.0	31.4967759863
528.0	31.5034331407
529.0	31.510105113
530.0	31.5167917961
531.0	31.5234930839
532.0	31.5302088716
533.0	31.5369390557
534.0	31.5436835337
535.0	31.5504422044
536.0	31.5572149677
537.0	31.5640017246
538.0	31.5708023772
539.0	31.5776168287
540.0	31.5844449835
541.0	31.5912867469
542.0	31.5981420253
543.0	31.6050107261
544.0	31.6118927579
545.0	31.6187880301
546.0	31.625696453
547.0	31.6326179382
548.0	31.6395523981
549.0	31.6464997458
550.0	31.6534598958
551.0	31.6604327632
552.0	31.667418264
553.0	31.6744163153
554.0	31.6814268348
555.0	31.6884497414
556.0	31.6954849545
557.0	31.7025323946
558.0	31.709591983
559.0	31.7166636417
560.0	31.7237472936
561.0	31.7308428623
562.0	31.7379502724
563.0	31.7450694491
564.0	31.7522003183
565.0	31.7593428068
566.0	31.7664968421
567.0	31.7736623524
568.0	31.7808392668
569.0	31.7880275147
570.0	31.7952270267
571.0	31.8024377338
572.0	31.8096595676
573.0	31.8168924607
574.0	31.8241363461
575.0	31.8313911575
576.0	31.8386568294
577.0	31.8459332968
578.0	31.8532204952
579.0	31.8605183611
580.0	31.8678268313
581.0	31.8751458433
582.0	31.8824753351
583.0	31.8898152456
584.0	31.8971655139
585.0	31.9045260799
586.0	31.911896884
587.0	31.9192778672
588.0	31.926668971
589.0	31.9340701374
590.0	31.9414813092
591.0	31.9489024293
592.0	31.9563334415
593.0	31.96377429
594.0	31.9712249194
595.0	31.978685275
596.0	31.9861553024
597.0	31.9936349477
598.0	32.0011241578
599.0	32.0086228797
600.0	32.016131061
601.0	32.0236486499
602.0	32.0311755949
603.0	32.038711845
604.0	32.0462573496
605.0	32.0538120586
606.0	32.0613759225
607.0	32.0689488919
608.0	32.0765309181
609.0	32.0841219527
610.0	32.0917219477
611.0	32.0993308555
612.0	32.1069486291
613.0	32.1145752218
614.0	32.1222105871
615.0	32.1298546791
616.0	32.1375074523
617.0	32.1451688615
618.0	32.1528388619
619.0	32.1605174091
620.0	32.1682044591
621.0	32.1758999681
622.0	32.1836038928
623.0	32.1913161903
624.0	32.199036818
625.0	32.2067657335
626.0	32.2145028951
627.0	32.222248261
628.0	32.2300017902
629.0	32.2377634416
630.0	32.2455331746
631.0	32.2533109492
632.0	32.2610967252
633.0	32.2688904631
634.0	32.2766921236
635.0	32.2845016677
636.0	32.2923190568
637.0	32.3001442524
638.0	32.3079772165
639.0	32.3158179113
640.0	32.3236662994
641.0	32.3315223435
642.0	32.3393860067
643.0	32.3472572524
644.0	32.3551360443
645.0	32.3630223463
646.0	32.3709161226
647.0	32.3788173377
648.0	32.3867259564
649.0	32.3946419437
650.0	32.4025652648
651.0	32.4104958854
652.0	32.4184337711
653.0	32.4263788882
654.0	32.4343312028
655.0	32.4422906816
656.0	32.4502572913
657.0	32.458230999
658.0	32.4662117721
659.0	32.4741995779
660.0	32.4821943844
661.0	32.4901961594
662.0	32.4982048713
663.0	32.5062204885
664.0	32.5142429796
665.0	32.5222723137
666.0	32.5303084598
667.0	32.5383513873
668.0	32.5464010658
669.0	32.5544574651
670.0	32.5625205552
671.0	32.5705903062
672.0	32.5786666887
673.0	32.5867496732
674.0	32.5948392307
675.0	32.6029353321
676.0	32.6110379487
677.0	32.6191470519
678.0	32.6272626134
679.0	32.635384605
680.0	32.6435129987
681.0	32.6516477668
682.0	32.6597888817
683.0	32.6679363159
684.0	32.6760900423
685.0	32.6842500339
686.0	32.6924162637
687.0	32.7005887051
688.0	32.7087673317
689.0	32.716952117
690.0	32.7251430351
691.0	32.7333400599
692.0	32.7415431656
693.0	32.7497523266
694.0	32.7579675175
695.0	32.7661887129
696.0	32.7744158878
697.0	32.7826490173
698.0	32.7908880765
699.0	32.7991330408
700.0	32.8073838857
701.0	32.815640587
702.0	32.8239031205
703.0	32.8321714622
704.0	32.8404455882
705.0	32.8487254749
706.0	32.8570110987
707.0	32.8653024363
708.0	32.8735994645
709.0	32.88190216
710.0	32.8902105001
711.0	32.8985244618
712.0	32.9068440227
713.0	32.91516916
714.0	32.9234998515
715.0	32.931836075
716.0	32.9401778084
717.0	32.9485250296
718.0	32.956877717
719.0	32.9652358487
720.0	32.9735994034
721.0	32.9819683595
722.0	32.9903426958
723.0	32.9987223911
724.0	33.0071074245
725.0	33.015497775
726.0	33.0238934218
727.0	33.0322943444
728.0	33.0407005222
729.0	33.0491119349
730.0	33.0575285621
731.0	33.0659503838
732.0	33.0743773799
733.0	33.0828095305
734.0	33.0912468158
735.0	33.0996892163
736.0	33.1081367123
737.0	33.1165892844
738.0	33.1250469133
739.0	33.1335095798
740.0	33.1419772648
741.0	33.1504499494
742.0	33.1589276148
743.0	33.167410242
744.0	33.1758978126
745.0	33.184390308
746.0	33.1928877098
747.0	33.2013899997
748.0	33.2098971594
749.0	33.2184091709
750.0	33.2269260161
751.0	33.2354476773
752.0	33.2439741366
753.0	33.2525053763
754.0	33.2610413788
755.0	33.2695821268
756.0	33.2781276027
757.0	33.2866777893
758.0	33.2952326695
759.0	33.3037922261
760.0	33.3123564422
761.0	33.3209253009
762.0	33.3294987854
763.0	33.338076879
764.0	33.3466595651
765.0	33.3552468272
766.0	33.3638386488
767.0	33.3724350137
768.0	33.3810359057
769.0	33.3896413085
770.0	33.3982512062
771.0	33.4068655828
772.0	33.4154844224
773.0	33.4241077092
774.0	33.4327354276
775.0	33.4413675619
776.0	33.4500040966
777.0	33.4586450163
778.0	33.4672903056
779.0	33.4759399493
780.0	33.4845939322
781.0	33.4932522393
782.0	33.5019148554
783.0	33.5105817656
784.0	33.5192529552
785.0	33.5279284093
786.0	33.5366081133
787.0	33.5452920525
788.0	33.5539802125
789.0	33.5626725788
790.0	33.5713691369
791.0	33.5800698727
792.0	33.5887747719
793.0	33.5974838203
794.0	33.606197004
795.0	33.6149143088
796.0	33.623635721
797.0	33.6323612267
798.0	33.6410908121
799.0	33.6498244635
800.0	33.6585621674
801.0	33.6673039101
802.0	33.6760496783
803.0	33.6847994584
804.0	33.6935532373
805.0	33.7023110015
806.0	33.7110727381
807.0	33.7198384337
808.0	33.7286080755
809.0	33.7373816504
810.0	33.7461591454
811.0	33.7549405479
812.0	33.7637258449
813.0	33.7725150239
814.0	33.7813080721
815.0	33.7901049769
816.0	33.798905726
817.0	33.8077103068
818.0	33.816518707
819.0	33.8253309142
820.0	33.8341469162
821.0	33.8429667008
822.0	33.851790256
823.0	33.8606175696
824.0	33.8694486296
825.0	33.8782834242
826.0	33.8871219415
827.0	33.8959641696
828.0	33.9048100967
829.0	33.9136597113
830.0	33.9225130017
831.0	33.9313699563
832.0	33.9402305637
833.0	33.9490948123
834.0	33.9579626907
835.0	33.9668341877
836.0	33.975709292
837.0	33.9845879924
838.0	33.9934702776
839.0	34.0023561367
840.0	34.0112455585
841.0	34.0201385321
842.0	34.0290350465
843.0	34.0379350908
844.0	34.0468386543
845.0	34.0557457262
846.0	34.0646562958
847.0	34.0735703523
848.0	34.0824878852
849.0	34.091408884
850.0	34.1003333382
851.0	34.1092612372
852.0	34.1181925708
853.0	34.1271273285
854.0	34.1360655001
855.0	34.1450070754
856.0	34.1539520441
857.0	34.1629003962
858.0	34.1718521216
859.0	34.1808072101
860.0	34.1897656519
861.0	34.198727437
862.0	34.2076925555
863.0	34.2166609976
864.0	34.2256327535
865.0	34.2346078135
866.0	34.2435861679
867.0	34.252567807
868.0	34.2615527212
869.0	34.2705409011
870.0	34.2795323371
871.0	34.2885270197
872.0	34.2975249396
873.0	34.3065260874
874.0	34.3155304538
875.0	34.3245380295
876.0	34.3335488053
877.0	34.3425627721
878.0	34.3515799207
879.0	34.3606002419
880.0	34.3696237269
881.0	34.3786503666
882.0	34.387680152
883.0	34.3967130742
884.0	34.4057491244
885.0	34.4147882937
886.0	34.4238305735
887.0	34.4328759548
888.0	34.4419244291
889.0	34.4509759877
890.0	34.460030622
891.0	34.4690883235
892.0	34.4781490835
893.0	34.4872128936
894.0	34.4962797455
895.0	34.5053496306
896.0	34.5144225406
897.0	34.5234984673
898.0	34.5325774023
899.0	34.5416593373
900.0	34.5507442643
901.0	34.559832175
902.0	34.5689230613
903.0	34.5780169151
904.0	34.5871137285
905.0	34.5962134933
906.0	34.6053162016
907.0	34.6144218456
908.0	34.6235304173
909.0	34.6326419088
910.0	34.6417563124
911.0	34.6508736203
912.0	34.6599938247
913.0	34.6691169179
914.0	34.6782428924
915.0	34.6873717404
916.0	34.6965034543
917.0	34.7056380267
918.0	34.7147754499
919.0	34.7239157166
920.0	34.7330588192
921.0	34.7422047504
922.0	34.7513535027
923.0	34.7605050689
924.0	34.7696594416
925.0	34.7788166136
926.0	34.7879765776
927.0	34.7971393265
928.0	34.806304853
929.0	34.81547315
930.0	34.8246442104
931.0	34.8338180272
932.0	34.8429945933
933.0	34.8521739018
934.0	34.8613559456
935.0	34.8705407178
936.0	34.8797282116
937.0	34.88891842
938.0	34.8981113363
939.0	34.9073069535
940.0	34.916505265
941.0	34.925706264
942.0	34.9349099439
943.0	34.9441162978
944.0	34.9533253192
945.0	34.9625370015
946.0	34.9717513381
947.0	34.9809683224
948.0	34.9901879479
949.0	34.9994102081
950.0	35.0086350966
951.0	35.017862607
952.0	35.0270927327
953.0	35.0363254675
954.0	35.0455608051
955.0	35.054798739
956.0	35.0640392631
957.0	35.0732823711
958.0	35.0825280567
959.0	35.0917763138
960.0	35.1010271362
961.0	35.1102805177
962.0	35.1195364523
963.0	35.1287949339
964.0	35.1380559564
965.0	35.1473195139
966.0	35.1565856002
967.0	35.1658542095
968.0	35.1751253357
969.0	35.1843989731
970.0	35.1936751157
971.0	35.2029537576
972.0	35.2122348931
973.0	35.2215185163
974.0	35.2308046214
975.0	35.2400932027
976.0	35.2493842545
977.0	35.2586777711
978.0	35.2679737468
979.0	35.277272176
980.0	35.286573053
981.0	35.2958763723
982.0	35.3051821282
983.0	35.3144903153
984.0	35.3238009281
985.0	35.333113961
986.0	35.3424294086
987.0	35.3517472654
988.0	35.3610675261
989.0	35.3703901852
990.0	35.3797152374
991.0	35.3890426773
992.0	35.3983724997
993.0	35.4077046992
994.0	35.4170392705
995.0	35.4263762085
996.0	35.4357155079
997.0	35.4450571635
998.0	35.4544011702
999.0	35.4637475228
1000.0	35.4730962161
1001.0	35.4824472451
1002.0	35.4918006047
1003.0	35.5011562899
1004.0	35.5105142955
1005.0	35.5198746167
1006.0	35.5292372484
1007.0	35.5386021857
1008.0	35.5479694236
1009.0	35.5573389572
1010.0	35.5667107816
1011.0	35.576084892
1012.0	35.5854612834
1013.0	35.5948399511
1014.0	35.6042208903
1015.0	35.6136040961
1016.0	35.6229895639
1017.0	35.6323772888
1018.0	35.6417672662
1019.0	35.6511594914
1020.0	35.6605539596
1021.0	35.6699506663
1022.0	35.6793496067
1023.0	35.6887507764
1024.0	35.6981541706
1025.0	35.7075597849
1026.0	35.7169676146
1027.0	35.7263776552
1028.0	35.7357899023
1029.0	35.7452043513
1030.0	35.7546209978
1031.0	35.7640398373
1032.0	35.7734608654
1033.0	35.7828840778
1034.0	35.7923094699
1035.0	35.8017370374
1036.0	35.811166776
1037.0	35.8205986814
1038.0	35.8300327492
1039.0	35.8394689752
1040.0	35.848907355
1041.0	35.8583478845
1042.0	35.8677905594
1043.0	35.8772353755
1044.0	35.8866823285
1045.0	35.8961314144
1046.0	35.9055826289
1047.0	35.915035968
1048.0	35.9244914275
1049.0	35.9339490032
1050.0	35.9434086912
1051.0	35.9528704874
1052.0	35.9623343876
1053.0	35.9718003879
1054.0	35.9812684843
1055.0	35.9907386728
1056.0	36.0002109494
1057.0	36.0096853101
1058.0	36.0191617511
1059.0	36.0286402683
1060.0	36.038120858
1061.0	36.0476035161
1062.0	36.0570882389
1063.0	36.0665750224
1064.0	36.0760638629
1065.0	36.0855547566
1066.0	36.0950476995
1067.0	36.1045426881
1068.0	36.1140397184
1069.0	36.1235387867
1070.0	36.1330398894
1071.0	36.1425430226
1072.0	36.1520481828
1073.0	36.1615553661
1074.0	36.171064569
1075.0	36.1805757878
1076.0	36.1900890188
1077.0	36.1996042585
1078.0	36.2091215032
1079.0	36.2186407494
1080.0	36.2281619935
1081.0	36.2376852319
1082.0	36.2472104611
1083.0	36.2567376776
1084.0	36.2662668779
1085.0	36.2757980584
1086.0	36.2853312158
1087.0	36.2948663465
1088.0	36.3044034471
1089.0	36.3139425141
1090.0	36.3234835443
1091.0	36.333026534
1092.0	36.3425714801
1093.0	36.3521183791
1094.0	36.3616672276
1095.0	36.3712180224
1096.0	36.3807707601
1097.0	36.3903254373
1098.0	36.3998820508
1099.0	36.4094405974
1100.0	36.4190010737
1101.0	36.4285634765
1102.0	36.4381278025
1103.0	36.4476940486
1104.0	36.4572622116
1105.0	36.4668322881
1106.0	36.4764042752
1107.0	36.4859781695
1108.0	36.495553968
1109.0	36.5051316674
1110.0	36.5147112648
1111.0	36.5242927569
1112.0	36.5338761407
1113.0	36.5434614131
1114.0	36.553048571
1115.0	36.5626376114
1116.0	36.5722285312
1117.0	36.5818213274
1118.0	36.5914159971
1119.0	36.601012537
1120.0	36.6106109444
1121.0	36.6202112162
1122.0	36.6298133495
1123.0	36.6394173413
1124.0	36.6490231886
1125.0	36.6586308886
1126.0	36.6682404383
1127.0	36.6778518349
1128.0	36.6874650754
1129.0	36.697080157
1130.0	36.7066970769
1131.0	36.7163158321
1132.0	36.7259364199
1133.0	36.7355588374
1134.0	36.7451830818
1135.0	36.7548091503
1136.0	36.7644370401
1137.0	36.7740667485
1138.0	36.7836982727
1139.0	36.79333161
1140.0	36.8029667576
1141.0	36.8126037127
1142.0	36.8222424728
1143.0	36.831883035
1144.0	36.8415253967
1145.0	36.8511695552
1146.0	36.8608155079
1147.0	36.870463252
1148.0	36.8801127851
1149.0	36.8897641043
1150.0	36.8994172071
1151.0	36.909072091
1152.0	36.9187287532
1153.0	36.9283871912
1154.0	36.9380474025
1155.0	36.9477093845
1156.0	36.9573731346
1157.0	36.9670386503
1158.0	36.9767059291
1159.0	36.9863749684
1160.0	36.9960457657
1161.0	37.0057183186
1162.0	37.0153926246
1163.0	37.0250686811
1164.0	37.0347464858
1165.0	37.0444260361
1166.0	37.0541073297
1167.0	37.063790364
1168.0	37.0734751368
1169.0	37.0831616455
1170.0	37.0928498878
1171.0	37.1025398612
1172.0	37.1122315635
1173.0	37.1219249922
1174.0	37.131620145
1175.0	37.1413170196
1176.0	37.1510156135
1177.0	37.1607159245
1178.0	37.1704179502
1179.0	37.1801216884
1180.0	37.1898271368
1181.0	37.199534293
1182.0	37.2092431548
1183.0	37.2189537199
1184.0	37.2286659861
1185.0	37.2383799511
1186.0	37.2480956127
1187.0	37.2578129687
1188.0	37.2675320168
1189.0	37.2772527548
1190.0	37.2869751805
1191.0	37.2966992918
1192.0	37.3064250865
1193.0	37.3161525623
1194.0	37.3258817172
1195.0	37.335612549
1196.0	37.3453450555
1197.0	37.3550792346
1198.0	37.3648150842
1199.0	37.3745526022
1200.0	37.3842917864
1201.0	37.3940326348
1202.0	37.4037751453
1203.0	37.4135193159
1204.0	37.4232651443
1205.0	37.4330126287
1206.0	37.4427617668
1207.0	37.4525125568
1208.0	37.4622649965
1209.0	37.472019084
1210.0	37.4817748171
1211.0	37.491532194
1212.0	37.5012912126
1213.0	37.511051871
1214.0	37.5208141671
1215.0	37.5305780989
1216.0	37.5403436646
1217.0	37.5501108621
1218.0	37.5598796896
1219.0	37.569650145
1220.0	37.5794222264
1221.0	37.589195932
1222.0	37.5989712598
1223.0	37.6087482079
1224.0	37.6185267745
1225.0	37.6283069575
1226.0	37.6380887552
1227.0	37.6478721657
1228.0	37.657657187
1229.0	37.6674438175
1230.0	37.6772320551
1231.0	37.6870218981
1232.0	37.6968133446
1233.0	37.7066063929
1234.0	37.7164010411
1235.0	37.7261972873
1236.0	37.7359951299
1237.0	37.7457945669
1238.0	37.7555955966
1239.0	37.7653982173
1240.0	37.7752024272
1241.0	37.7850082245
1242.0	37.7948156074
1243.0	37.8046245742
1244.0	37.8144351233
1245.0	37.8242472527
1246.0	37.8340609609
1247.0	37.843876246
1248.0	37.8536931065
1249.0	37.8635115405
1250.0	37.8733315465
1251.0	37.8831531226
1252.0	37.8929762673
1253.0	37.9028009789
1254.0	37.9126272556
1255.0	37.9224550959
1256.0	37.9322844981
1257.0	37.9421154605
1258.0	37.9519479815
1259.0	37.9617820595
1260.0	37.9716176929
1261.0	37.98145488
1262.0	37.9912936192
1263.0	38.001133909
1264.0	38.0109757477
1265.0	38.0208191337
1266.0	38.0306640656
1267.0	38.0405105416
1268.0	38.0503585602
1269.0	38.06020812
1270.0	38.0700592192
1271.0	38.0799118564
1272.0	38.0897660301
1273.0	38.0996217386
1274.0	38.1094789805
1275.0	38.1193377543
1276.0	38.1291980584
1277.0	38.1390598913
1278.0	38.1489232515
1279.0	38.1587881376
1280.0	38.1686545481
1281.0	38.1785224814
1282.0	38.1883919361
1283.0	38.1982629107
1284.0	38.2081354038
1285.0	38.2180094139
1286.0	38.2278849395
1287.0	38.2377619792
1288.0	38.2476405317
1289.0	38.2575205953
1290.0	38.2674021688
1291.0	38.2772852507
1292.0	38.2871698396
1293.0	38.2970559341
1294.0	38.3069435327
1295.0	38.3168326341
1296.0	38.326723237
1297.0	38.3366153398
1298.0	38.3465089413
1299.0	38.3564040401
1300.0	38.3663006347
1301.0	38.376198724
1302.0	38.3860983064
1303.0	38.3959993806
1304.0	38.4059019454
1305.0	38.4158059993
1306.0	38.4257115411
1307.0	38.4356185694
1308.0	38.4455270829
1309.0	38.4554370803
1310.0	38.4653485603
1311.0	38.4752615215
1312.0	38.4851759627
1313.0	38.4950918827
1314.0	38.50500928
1315.0	38.5149281535
1316.0	38.5248485018
1317.0	38.5347703237
1318.0	38.5446936179
1319.0	38.5546183832
1320.0	38.5645446184
1321.0	38.5744723221
1322.0	38.5844014931
1323.0	38.5943321302
1324.0	38.6042642322
1325.0	38.6141977979
1326.0	38.6241328259
1327.0	38.6340693152
1328.0	38.6440072645
1329.0	38.6539466725
1330.0	38.6638875382
1331.0	38.6738298603
1332.0	38.6837736375
1333.0	38.6937188688
1334.0	38.703665553
1335.0	38.7136136888
1336.0	38.7235632752
1337.0	38.7335143109
1338.0	38.7434667948
1339.0	38.7534207257
1340.0	38.7633761025
1341.0	38.7733329241
1342.0	38.7832911893
1343.0	38.7932508969
1344.0	38.8032120459
1345.0	38.8131746351
1346.0	38.8231386635
1347.0	38.8331041298
1348.0	38.843071033
1349.0	38.853039372
1350.0	38.8630091456
1351.0	38.8729803528
1352.0	38.8829529926
1353.0	38.8929270637
1354.0	38.9029025652
1355.0	38.9128794959
1356.0	38.9228578548
1357.0	38.9328376408
1358.0	38.9428188529
1359.0	38.9528014899
1360.0	38.9627855509
1361.0	38.9727710348
1362.0	38.9827579406
1363.0	38.9927462671
1364.0	39.0027360134
1365.0	39.0127271785
1366.0	39.0227197613
1367.0	39.0327137607
1368.0	39.0427091759
1369.0	39.0527060057
1370.0	39.0627042492
1371.0	39.0727039053
1372.0	39.0827049731
1373.0	39.0927074515
1374.0	39.1027113396
1375.0	39.1127166364
1376.0	39.1227233409
1377.0	39.1327314521
1378.0	39.1427409691
1379.0	39.1527518908
1380.0	39.1627642163
1381.0	39.1727779447
1382.0	39.1827930749
1383.0	39.1928096061
1384.0	39.2028275373
1385.0	39.2128468676
1386.0	39.2228675959
1387.0	39.2328897214
1388.0	39.2429132431
1389.0	39.2529381601
1390.0	39.2629644715
1391.0	39.2729921764
1392.0	39.2830212738
1393.0	39.2930517628
1394.0	39.3030836425
1395.0	39.3131169121
1396.0	39.3231515706
1397.0	39.333187617
1398.0	39.3432250506
1399.0	39.3532638704
1400.0	39.3633040756
1401.0	39.3733456652
1402.0	39.3833886384
1403.0	39.3934329944
1404.0	39.4034787321
1405.0	39.4135258509
1406.0	39.4235743497
1407.0	39.4336242278
1408.0	39.4436754843
1409.0	39.4537281183
1410.0	39.4637821291
1411.0	39.4738375156
1412.0	39.4838942772
1413.0	39.493952413
1414.0	39.5040119221
1415.0	39.5140728037
1416.0	39.524135057
1417.0	39.5341986811
1418.0	39.5442636753
1419.0	39.5543300388
1420.0	39.5643977706
1421.0	39.57446687
1422.0	39.5845373362
1423.0	39.5946091685
1424.0	39.6046823659
1425.0	39.6147569277
1426.0	39.6248328532
1427.0	39.6349101414
1428.0	39.6449887917
1429.0	39.6550688033
1430.0	39.6651501754
1431.0	39.6752329071
1432.0	39.6853169978
1433.0	39.6954024467
1434.0	39.7054892529
1435.0	39.7155774159
1436.0	39.7256669347
1437.0	39.7357578086
1438.0	39.7458500369
1439.0	39.7559436188
1440.0	39.7660385537
1441.0	39.7761348406
1442.0	39.786232479
1443.0	39.7963314681
1444.0	39.8064318071
1445.0	39.8165334953
1446.0	39.826636532
1447.0	39.8367409165
1448.0	39.846846648
1449.0	39.8569537258
1450.0	39.8670621493
1451.0	39.8771719177
1452.0	39.8872830303
1453.0	39.8973954863
1454.0	39.9075092852
1455.0	39.9176244262
1456.0	39.9277409085
1457.0	39.9378587316
1458.0	39.9479778948
1459.0	39.9580983972
1460.0	39.9682202383
1461.0	39.9783434174
1462.0	39.9884679338
1463.0	39.9985937868
1464.0	40.0087209758
1465.0	40.0188495001
1466.0	40.028979359
1467.0	40.0391105518
1468.0	40.049243078
1469.0	40.0593769368
1470.0	40.0695121276
1471.0	40.0796486498
1472.0	40.0897865026
1473.0	40.0999256855
1474.0	40.1100661978
1475.0	40.1202080389
1476.0	40.1303512081
1477.0	40.1404957048
1478.0	40.1506415284
1479.0	40.1607886782
1480.0	40.1709371537
1481.0	40.1810869541
1482.0	40.1912380789
1483.0	40.2013905275
1484.0	40.2115442992
1485.0	40.2216993935
1486.0	40.2318558096
1487.0	40.2420135471
1488.0	40.2521726053
1489.0	40.2623329836
1490.0	40.2724946814
1491.0	40.2826576982
1492.0	40.2928220332
1493.0	40.302987686
1494.0	40.313154656
1495.0	40.3233229424
1496.0	40.3334925449
1497.0	40.3436634628
1498.0	40.3538356955
1499.0	40.3640092424
1500.0	40.374184103
1501.0	40.3843602767
1502.0	40.3945377629
1503.0	40.4047165611
1504.0	40.4148966707
1505.0	40.4250780911
1506.0	40.4352608219
1507.0	40.4454448623
1508.0	40.455630212
1509.0	40.4658168702
1510.0	40.4760048366
1511.0	40.4861941104
1512.0	40.4963846913
1513.0	40.5065765786
1514.0	40.5167697718
1515.0	40.5269642704
1516.0	40.5371600739
1517.0	40.5473571816
1518.0	40.5575555931
1519.0	40.5677553079
1520.0	40.5779563254
1521.0	40.5881586451
1522.0	40.5983622665
1523.0	40.6085671891
1524.0	40.6187734124
1525.0	40.6289809357
1526.0	40.6391897587
1527.0	40.6493998808
1528.0	40.6596113016
1529.0	40.6698240204
1530.0	40.6800380369
1531.0	40.6902533505
1532.0	40.7004699607
1533.0	40.710687867
1534.0	40.7209070689
1535.0	40.731127566
1536.0	40.7413493577
1537.0	40.7515724436
1538.0	40.7617968231
1539.0	40.7720224959
1540.0	40.7822494613
1541.0	40.792477719
1542.0	40.8027072685
1543.0	40.8129381092
1544.0	40.8231702408
1545.0	40.8334036627
1546.0	40.8436383745
1547.0	40.8538743757
1548.0	40.8641116658
1549.0	40.8743502445
1550.0	40.8845901111
1551.0	40.8948312654
1552.0	40.9050737067
1553.0	40.9153174348
1554.0	40.925562449
1555.0	40.935808749
1556.0	40.9460563344
1557.0	40.9563052046
1558.0	40.9665553592
1559.0	40.9768067978
1560.0	40.98705952
1561.0	40.9973135253
1562.0	41.0075688133
1563.0	41.0178253835
1564.0	41.0280832355
1565.0	41.0383423689
1566.0	41.0486027833
1567.0	41.0588644782
1568.0	41.0691274532
1569.0	41.0793917079
1570.0	41.0896572419
1571.0	41.0999240547
1572.0	41.110192146
1573.0	41.1204615153
1574.0	41.1307321622
1575.0	41.1410040863
1576.0	41.1512772871
1577.0	41.1615517644
1578.0	41.1718275176
1579.0	41.1821045464
1580.0	41.1923828504
1581.0	41.2026624292
1582.0	41.2129432823
1583.0	41.2232254094
1584.0	41.2335088101
1585.0	41.243793484
1586.0	41.2540794307
1587.0	41.2643666498
1588.0	41.274655141
1589.0	41.2849449038
1590.0	41.2952359378
1591.0	41.3055282427
1592.0	41.3158218181
1593.0	41.3261166637
1594.0	41.3364127789
1595.0	41.3467101636
1596.0	41.3570088172
1597.0	41.3673087394
1598.0	41.37760993
1599.0	41.3879123883
1600.0	41.3982161142
1601.0	41.4085211073
1602.0	41.4188273672
1603.0	41.4291348934
1604.0	41.4394436858
1605.0	41.4497537438
1606.0	41.4600650672
1607.0	41.4703776556
1608.0	41.4806915087
1609.0	41.491006626
1610.0	41.5013230073
1611.0	41.5116406521
1612.0	41.5219595603
1613.0	41.5322797313
1614.0	41.5426011649
1615.0	41.5529238606
1616.0	41.5632478183
1617.0	41.5735730375
1618.0	41.5838995179
1619.0	41.5942272591
1620.0	41.6045562609
1621.0	41.6148865229
1622.0	41.6252180447
1623.0	41.6355508261
1624.0	41.6458848667
1625.0	41.6562201661
1626.0	41.6665567241
1627.0	41.6768945403
1628.0	41.6872336144
1629.0	41.6975739462
1630.0	41.7079155351
1631.0	41.718258381
1632.0	41.7286024836
1633.0	41.7389478424
1634.0	41.7492944573
1635.0	41.7596423278
1636.0	41.7699914538
1637.0	41.7803418347
1638.0	41.7906934705
1639.0	41.8010463607
1640.0	41.811400505
1641.0	41.8217559032
1642.0	41.8321125549
1643.0	41.8424704599
1644.0	41.8528296178
1645.0	41.8631900284
1646.0	41.8735516913
1647.0	41.8839146062
1648.0	41.8942787729
1649.0	41.9046441911
1650.0	41.9150108605
1651.0	41.9253787807
1652.0	41.9357479515
1653.0	41.9461183726
1654.0	41.9564900438
1655.0	41.9668629647
1656.0	41.977237135
1657.0	41.9876125545
1658.0	41.9979892229
1659.0	42.0083671399
1660.0	42.0187463052
1661.0	42.0291267186
1662.0	42.0395083798
1663.0	42.0498912885
1664.0	42.0602754444
1665.0	42.0706608473
1666.0	42.0810474969
1667.0	42.0914353929
1668.0	42.101824535
1669.0	42.112214923
1670.0	42.1226065567
1671.0	42.1329994357
1672.0	42.1433935598
1673.0	42.1537889288
1674.0	42.1641855423
1675.0	42.1745834002
1676.0	42.1849825021
1677.0	42.1953828478
1678.0	42.205784437
1679.0	42.2161872695
1680.0	42.2265913451
1681.0	42.2369966635
1682.0	42.2474032244
1683.0	42.2578110275
1684.0	42.2682200728
1685.0	42.2786303598
1686.0	42.2890418883
1687.0	42.2994546582
1688.0	42.3098686691
1689.0	42.3202839208
1690.0	42.3307004131
1691.0	42.3411181457
1692.0	42.3515371185
1693.0	42.361957331
1694.0	42.3723787832
1695.0	42.3828014748
1696.0	42.3932254056
1697.0	42.4036505752
1698.0	42.4140769835
1699.0	42.4245046303
1700.0	42.4349335153
1701.0	42.4453636383
1702.0	42.4557949991
1703.0	42.4662275974
1704.0	42.476661433
1705.0	42.4870965057
1706.0	42.4975328153
1707.0	42.5079703615
1708.0	42.5184091441
1709.0	42.5288491629
1710.0	42.5392904177
1711.0	42.5497329083
1712.0	42.5601766344
1713.0	42.5706215959
1714.0	42.5810677925
1715.0	42.5915152239
1716.0	42.6019638901
1717.0	42.6124137907
1718.0	42.6228649256
1719.0	42.6333172946
1720.0	42.6437708974
1721.0	42.6542257339
1722.0	42.6646818037
1723.0	42.6751391068
1724.0	42.685597643
1725.0	42.6960574119
1726.0	42.7065184135
1727.0	42.7169806474
1728.0	42.7274441136
1729.0	42.7379088118
1730.0	42.7483747418
1731.0	42.7588419035
1732.0	42.7693102965
1733.0	42.7797799208
1734.0	42.7902507761
1735.0	42.8007228622
1736.0	42.811196179
1737.0	42.8216707262
1738.0	42.8321465037
1739.0	42.8426235113
1740.0	42.8531017487
1741.0	42.8635812158
1742.0	42.8740619124
1743.0	42.8845438384
1744.0	42.8950269934
1745.0	42.9055113775
1746.0	42.9159969902
1747.0	42.9264838316
1748.0	42.9369719014
1749.0	42.9474611993
1750.0	42.9579517253
1751.0	42.9684434792
1752.0	42.9789364608
1753.0	42.9894306698
1754.0	42.9999261062
1755.0	43.0104227697
1756.0	43.0209206602
1757.0	43.0314197775
1758.0	43.0419201214
1759.0	43.0524216918
1760.0	43.0629244885
1761.0	43.0734285113
1762.0	43.08393376
1763.0	43.0944402345
1764.0	43.1049479346
1765.0	43.1154568601
1766.0	43.125967011
1767.0	43.1364783869
1768.0	43.1469909878
1769.0	43.1575048134
1770.0	43.1680198637
1771.0	43.1785361385
1772.0	43.1890536375
1773.0	43.1995723607
1774.0	43.2100923078
1775.0	43.2206134788
1776.0	43.2311358734
1777.0	43.2416594915
1778.0	43.252184333
1779.0	43.2627103976
1780.0	43.2732376853
1781.0	43.2837661959
1782.0	43.2942959292
1783.0	43.304826885
1784.0	43.3153590633
1785.0	43.3258924639
1786.0	43.3364270866
1787.0	43.3469629313
1788.0	43.3574999978
1789.0	43.368038286
1790.0	43.3785777957
1791.0	43.3891185268
1792.0	43.3996604791
1793.0	43.4102036525
1794.0	43.4207480469
1795.0	43.4312936621
1796.0	43.4418404979
1797.0	43.4523885543
1798.0	43.4629378311
1799.0	43.4734883281
1800.0	43.4840400452
1801.0	43.4945929822
1802.0	43.5051471391
1803.0	43.5157025157
1804.0	43.5262591119
1805.0	43.5368169274
1806.0	43.5473759623
1807.0	43.5579362163
1808.0	43.5684976893
1809.0	43.5790603812
1810.0	43.5896242918
1811.0	43.600189421
1812.0	43.6107557688
1813.0	43.6213233349
1814.0	43.6318921192
1815.0	43.6424621216
1816.0	43.653033342
1817.0	43.6636057802
1818.0	43.6741794362
1819.0	43.6847543097
1820.0	43.6953304007
1821.0	43.7059077091
1822.0	43.7164862347
1823.0	43.7270659773
1824.0	43.7376469369
1825.0	43.7482291134
1826.0	43.7588125066
1827.0	43.7693971164
1828.0	43.7799829427
1829.0	43.7905699854
1830.0	43.8011582443
1831.0	43.8117477193
1832.0	43.8223384104
1833.0	43.8329303173
1834.0	43.8435234401
1835.0	43.8541177784
1836.0	43.8647133324
1837.0	43.8753101018
1838.0	43.8859080865
1839.0	43.8965072864
1840.0	43.9071077014
1841.0	43.9177093313
1842.0	43.9283121762
1843.0	43.9389162358
1844.0	43.9495215101
1845.0	43.9601279989
1846.0	43.9707357021
1847.0	43.9813446197
1848.0	43.9919547515
1849.0	44.0025660974
1850.0	44.0131786573
1851.0	44.0237924311
1852.0	44.0344074187
1853.0	44.04502362
1854.0	44.0556410349
1855.0	44.0662596633
1856.0	44.076879505
1857.0	44.08750056
1858.0	44.0981228282
1859.0	44.1087463095
1860.0	44.1193710038
1861.0	44.1299969109
1862.0	44.1406240308
1863.0	44.1512523634
1864.0	44.1618819085
1865.0	44.1725126661
1866.0	44.1831446362
1867.0	44.1937778185
1868.0	44.204412213
1869.0	44.2150478196
1870.0	44.2256846381
1871.0	44.2363226686
1872.0	44.246961911
1873.0	44.257602365
1874.0	44.2682440307
1875.0	44.2788869078
1876.0	44.2895309965
1877.0	44.3001762965
1878.0	44.3108228077
1879.0	44.3214705302
1880.0	44.3321194637
1881.0	44.3427696082
1882.0	44.3534209636
1883.0	44.3640735298
1884.0	44.3747273067
1885.0	44.3853822943
1886.0	44.3960384925
1887.0	44.4066959011
1888.0	44.4173545201
1889.0	44.4280143494
1890.0	44.4386753889
1891.0	44.4493376386
1892.0	44.4600010983
1893.0	44.470665768
1894.0	44.4813316475
1895.0	44.4919987369
1896.0	44.502667036
1897.0	44.5133365447
1898.0	44.524007263
1899.0	44.5346791907
1900.0	44.5453523279
1901.0	44.5560266743
1902.0	44.5667022301
1903.0	44.577378995
1904.0	44.5880569689
1905.0	44.5987361519
1906.0	44.6094165438
1907.0	44.6200981446
1908.0	44.6307809542
1909.0	44.6414649724
1910.0	44.6521501993
1911.0	44.6628366348
1912.0	44.6735242787
1913.0	44.6842131311
1914.0	44.6949031918
1915.0	44.7055944607
1916.0	44.7162869379
1917.0	44.7269806232
1918.0	44.7376755165
1919.0	44.7483716178
1920.0	44.759068927
1921.0	44.7697674441
1922.0	44.7804671689
1923.0	44.7911681015
1924.0	44.8018702417
1925.0	44.8125735894
1926.0	44.8232781446
1927.0	44.8339839073
1928.0	44.8446908774
1929.0	44.8553990547
1930.0	44.8661084393
1931.0	44.8768190311
1932.0	44.8875308299
1933.0	44.8982438358
1934.0	44.9089580487
1935.0	44.9196734685
1936.0	44.9303900951
1937.0	44.9411079286
1938.0	44.9518269687
1939.0	44.9625472155
1940.0	44.9732686689
1941.0	44.9839913289
1942.0	44.9947151953
1943.0	45.0054402682
1944.0	45.0161665474
1945.0	45.0268940329
1946.0	45.0376227247
1947.0	45.0483526226
1948.0	45.0590837267
1949.0	45.0698160368
1950.0	45.0805495529
1951.0	45.091284275
1952.0	45.102020203
1953.0	45.1127573368
1954.0	45.1234956764
1955.0	45.1342352218
1956.0	45.1449759728
1957.0	45.1557179294
1958.0	45.1664610916
1959.0	45.1772054593
1960.0	45.1879510324
1961.0	45.1986978109
1962.0	45.2094457948
1963.0	45.220194984
1964.0	45.2309453785
1965.0	45.2416969781
1966.0	45.2524497829
1967.0	45.2632037927
1968.0	45.2739590076
1969.0	45.2847154275
1970.0	45.2954730523
1971.0	45.306231882
1972.0	45.3169919166
1973.0	45.3277531559
1974.0	45.3385156
1975.0	45.3492792488
1976.0	45.3600441022
1977.0	45.3708101602
1978.0	45.3815774228
1979.0	45.3923458899
1980.0	45.4031155614
1981.0	45.4138864374
1982.0	45.4246585177
1983.0	45.4354318023
1984.0	45.4462062913
1985.0	45.4569819844
1986.0	45.4677588818
1987.0	45.4785369832
1988.0	45.4893162888
1989.0	45.5000967984
1990.0	45.5108785121
1991.0	45.5216614297
1992.0	45.5324455513
1993.0	45.5432308767
1994.0	45.554017406
1995.0	45.5648051391
1996.0	45.5755940759
1997.0	45.5863842165
1998.0	45.5971755607
1999.0	45.6079681086
2000.0	45.6187618601
