Iteration number	SNR plasmon
1.0	0.453315127151
2.0	0.702932112778
3.0	0.943627558
4.0	1.16910740119
5.0	1.3789417262
6.0	1.57506417813
7.0	1.76112743353
8.0	1.94045187702
9.0	2.11592137005
10.0	2.28984711673
11.0	2.46383867711
12.0	2.63912130382
13.0	2.81648721125
14.0	2.99663185492
15.0	3.17994158479
16.0	3.36675624265
17.0	3.55729232669
18.0	3.74963885525
19.0	3.92767827306
20.0	4.09003233055
21.0	4.25311289227
22.0	4.40858392561
23.0	4.56243730683
24.0	4.71112948933
25.0	4.84950525293
26.0	4.98762356766
27.0	5.1225007126
28.0	5.25648827836
29.0	5.38637910315
30.0	5.51484271634
31.0	5.64197214452
32.0	5.76639205547
33.0	5.89056401976
34.0	6.01432749539
35.0	6.13706014526
36.0	6.25701733837
37.0	6.3766949526
38.0	6.49559029465
39.0	6.61455863438
40.0	6.73370561908
41.0	6.84902767356
42.0	6.95930209307
43.0	7.06933743891
44.0	7.17914818262
45.0	7.28894684817
46.0	7.39678515319
47.0	7.5043530727
48.0	7.61162481312
49.0	7.7186562925
50.0	7.82421321156
51.0	7.9294184826
52.0	8.03194139751
53.0	8.13378087189
54.0	8.23281659633
55.0	8.33091184517
56.0	8.42890721603
57.0	8.52647569895
58.0	8.62369419234
59.0	8.71997165179
60.0	8.81599098276
61.0	8.91139389095
62.0	9.00574379421
63.0	9.09899619992
64.0	9.1918415126
65.0	9.28246562854
66.0	9.3716409837
67.0	9.45982354258
68.0	9.54747720172
69.0	9.63444232437
70.0	9.71850423642
71.0	9.80114838242
72.0	9.88295255819
73.0	9.96214984365
74.0	10.0408747744
75.0	10.1187984531
76.0	10.1958169368
77.0	10.2723857461
78.0	10.3485500521
79.0	10.4243041079
80.0	10.4780645247
81.0	10.5255187281
82.0	10.5724997102
83.0	10.6190601694
84.0	10.6652451564
85.0	10.7109406609
86.0	10.7557085177
87.0	10.7997083444
88.0	10.8433115544
89.0	10.8670685766
90.0	10.8832500973
91.0	10.8907194308
92.0	10.8926316577
93.0	10.8948029289
94.0	10.8971635359
95.0	10.8994662606
96.0	10.9019961943
97.0	10.9045171824
98.0	10.9072935084
99.0	10.9103292795
100.0	10.9136225881
101.0	10.9165062875
102.0	10.918824745
103.0	10.9213737863
104.0	10.9241635529
105.0	10.9268511635
106.0	10.9295358621
107.0	10.9325000641
108.0	10.9357401828
109.0	10.9390653271
110.0	10.9423840695
111.0	10.9458827479
112.0	10.9492916633
113.0	10.9529200618
114.0	10.9568156795
115.0	10.960974706
116.0	10.9653933702
117.0	10.9700679409
118.0	10.9749947279
119.0	10.9797351818
120.0	10.9845471184
121.0	10.9888447168
122.0	10.9914185916
123.0	10.991310308
124.0	10.9792776268
125.0	10.9676369653
126.0	10.9564109069
127.0	10.9455916324
128.0	10.9351714945
129.0	10.9250699071
130.0	10.9150682467
131.0	10.9054494178
132.0	10.8962062312
133.0	10.8873316557
134.0	10.878790557
135.0	10.8705358155
136.0	10.8626307799
137.0	10.854416876
138.0	10.8462167384
139.0	10.8383451261
140.0	10.8307956143
141.0	10.8235619295
142.0	10.8166379457
143.0	10.8100176795
144.0	10.8034351388
145.0	10.7963018513
146.0	10.7891893342
147.0	10.7823780363
148.0	10.77578599
149.0	10.7693768
150.0	10.7632539276
151.0	10.7574069285
152.0	10.7517924661
153.0	10.7464482739
154.0	10.7413691105
155.0	10.7362556624
156.0	10.731144527
157.0	10.726288038
158.0	10.7216812765
159.0	10.7171032452
160.0	10.7127534729
161.0	10.7084392946
162.0	10.7043464367
163.0	10.7004811098
164.0	10.6968390039
165.0	10.6934156213
166.0	10.6901579845
167.0	10.6870842438
168.0	10.6841745401
169.0	10.6814347809
170.0	10.6788946774
171.0	10.6765504931
172.0	10.674398568
173.0	10.6722853562
174.0	10.6701323628
175.0	10.6681469625
176.0	10.6663418755
177.0	10.6647150214
178.0	10.6632241066
179.0	10.6618848573
180.0	10.6607142846
181.0	10.6597090116
182.0	10.6588350697
183.0	10.6581209091
184.0	10.657563559
185.0	10.6571601062
186.0	10.6569076929
187.0	10.656803516
188.0	10.6568448251
189.0	10.6570289216
190.0	10.6573320592
191.0	10.6574050393
192.0	10.6576096549
193.0	10.6579138746
194.0	10.6583274808
195.0	10.6588492846
196.0	10.6594980595
197.0	10.6602714234
198.0	10.6611670378
199.0	10.662182606
200.0	10.6633158727
201.0	10.6645646227
202.0	10.6659266802
203.0	10.6672480925
204.0	10.6686771384
205.0	10.6702142232
206.0	10.6718573073
207.0	10.673602427
208.0	10.675425437
209.0	10.6773484926
210.0	10.6793696894
211.0	10.6814871556
212.0	10.6836990512
213.0	10.6860035677
214.0	10.6883989269
215.0	10.6908833806
216.0	10.6934091903
217.0	10.6941152091
218.0	10.6941902204
219.0	10.6943545294
220.0	10.6946259809
221.0	10.6950027138
222.0	10.6954828977
223.0	10.6960647324
224.0	10.6967464469
225.0	10.6975262992
226.0	10.6983567478
227.0	10.6992618042
228.0	10.70026003
229.0	10.7013497922
230.0	10.7025294841
231.0	10.7036379147
232.0	10.7048178901
233.0	10.7060836277
234.0	10.7074336127
235.0	10.7088257914
236.0	10.7102934761
237.0	10.7118410438
238.0	10.7134670693
239.0	10.7151701494
240.0	10.7169489027
241.0	10.7188019692
242.0	10.7207280095
243.0	10.722725705
244.0	10.7247937574
245.0	10.7269308878
246.0	10.729135837
247.0	10.7314073649
248.0	10.73374425
249.0	10.7361452894
250.0	10.7386092982
251.0	10.7411351091
252.0	10.7437215726
253.0	10.7463675562
254.0	10.7490719442
255.0	10.7518336376
256.0	10.7546515535
257.0	10.7574377284
258.0	10.7602626851
259.0	10.7631411043
260.0	10.7660045805
261.0	10.7687204128
262.0	10.7714873556
263.0	10.774304411
264.0	10.7771705958
265.0	10.7800820244
266.0	10.7830372833
267.0	10.7860387859
268.0	10.7890412096
269.0	10.7899517293
270.0	10.7909176612
271.0	10.791938139
272.0	10.7930123076
273.0	10.7941347101
274.0	10.7953009159
275.0	10.7965184821
276.0	10.7977435042
277.0	10.799003672
278.0	10.800254883
279.0	10.8015538043
280.0	10.8029001155
281.0	10.8042930544
282.0	10.8055432635
283.0	10.8068216893
284.0	10.8081246993
285.0	10.8094717861
286.0	10.8108622257
287.0	10.8122953032
288.0	10.8137703129
289.0	10.815286558
290.0	10.8168433507
291.0	10.8184400116
292.0	10.8200758702
293.0	10.8197764895
294.0	10.8184250918
295.0	10.81708308
296.0	10.8157501114
297.0	10.8144776562
298.0	10.8132461277
299.0	10.8117600751
300.0	10.8102365253
301.0	10.8087389868
302.0	10.8072983559
303.0	10.8059138384
304.0	10.8045846503
305.0	10.8033100178
306.0	10.8020891771
307.0	10.800921374
308.0	10.7998058645
309.0	10.7987419136
310.0	10.7977287961
311.0	10.796765796
312.0	10.7958522064
313.0	10.7949873294
314.0	10.7941704762
315.0	10.7933481094
316.0	10.792571344
317.0	10.7918406833
318.0	10.791155471
319.0	10.7905150593
320.0	10.7899010295
321.0	10.7893132332
322.0	10.7884597665
323.0	10.7876185873
324.0	10.786820236
325.0	10.7860640948
326.0	10.7853495534
327.0	10.7846307204
328.0	10.7839269515
329.0	10.7832628784
330.0	10.7826379206
331.0	10.782051505
332.0	10.7815030657
333.0	10.780546959
334.0	10.7794608488
335.0	10.77841431
336.0	10.7774067629
337.0	10.7764376354
338.0	10.7755063627
339.0	10.774609121
340.0	10.7737472446
341.0	10.7729216195
342.0	10.7721317091
343.0	10.7713769837
344.0	10.7706569203
345.0	10.769971003
346.0	10.769318722
347.0	10.7686995745
348.0	10.768113064
349.0	10.7675587001
350.0	10.7670359992
351.0	10.7664933209
352.0	10.7659525307
353.0	10.7654419922
354.0	10.7649612456
355.0	10.7645098366
356.0	10.7640873168
357.0	10.7636932437
358.0	10.7633271802
359.0	10.7629836944
360.0	10.7626361477
361.0	10.7623092253
362.0	10.7620086241
363.0	10.7617339337
364.0	10.7614847488
365.0	10.7612606694
366.0	10.7610613005
367.0	10.7608862521
368.0	10.7607351392
369.0	10.7606075814
370.0	10.7604947711
371.0	10.7604027202
372.0	10.7603331396
373.0	10.7602856672
374.0	10.7602599458
375.0	10.7602556226
376.0	10.7602629112
377.0	10.7602769123
378.0	10.7602813053
379.0	10.7601431821
380.0	10.7600251731
381.0	10.7599269474
382.0	10.7598481786
383.0	10.7597885443
384.0	10.7597477261
385.0	10.7597254097
386.0	10.7597124987
387.0	10.7596773164
388.0	10.7596597629
389.0	10.7596595393
390.0	10.7596763499
391.0	10.7597099032
392.0	10.7597599111
393.0	10.7598260893
394.0	10.7599081569
395.0	10.7600058368
396.0	10.7601188551
397.0	10.7602469416
398.0	10.7603898292
399.0	10.7605472546
400.0	10.7607189574
401.0	10.7609046807
402.0	10.7611041708
403.0	10.7613113332
404.0	10.7615288487
405.0	10.7617594263
406.0	10.7620028249
407.0	10.7622588063
408.0	10.7625271354
409.0	10.7628075802
410.0	10.7630999113
411.0	10.7634039026
412.0	10.7637193305
413.0	10.7640459744
414.0	10.7643836165
415.0	10.7647320416
416.0	10.7650910375
417.0	10.7654603944
418.0	10.7658399053
419.0	10.7662293659
420.0	10.7666285742
421.0	10.767037331
422.0	10.7674554396
423.0	10.7678827058
424.0	10.7682863234
425.0	10.7686910991
426.0	10.7691037182
427.0	10.7695100915
428.0	10.7699246831
429.0	10.7703473135
430.0	10.7707778052
431.0	10.7712159832
432.0	10.7716616746
433.0	10.7721147087
434.0	10.7725749172
435.0	10.7730421338
436.0	10.7735161942
437.0	10.7739969365
438.0	10.7744842007
439.0	10.7749778289
440.0	10.7754776653
441.0	10.775983556
442.0	10.7764953492
443.0	10.777012895
444.0	10.7775036692
445.0	10.7779893107
446.0	10.778459935
447.0	10.7789259264
448.0	10.7793970191
449.0	10.7798495746
450.0	10.7802895896
451.0	10.7807175835
452.0	10.7811501387
453.0	10.7815871238
454.0	10.7820284093
455.0	10.7824738675
456.0	10.7829233721
457.0	10.7833767987
458.0	10.7838340244
459.0	10.7842949281
460.0	10.7847593903
461.0	10.7852272928
462.0	10.7856985194
463.0	10.7861729551
464.0	10.7866504866
465.0	10.7871310021
466.0	10.7876143914
467.0	10.7881005455
468.0	10.7885893572
469.0	10.7890807206
470.0	10.7895745311
471.0	10.7900706856
472.0	10.7905619665
473.0	10.791037573
474.0	10.791506911
475.0	10.7919680164
476.0	10.7924309407
477.0	10.7928696191
478.0	10.7932418879
479.0	10.79359166
480.0	10.7939429896
481.0	10.7942957876
482.0	10.7946499657
483.0	10.7950054372
484.0	10.7953621164
485.0	10.7957199188
486.0	10.7960787613
487.0	10.7964385618
488.0	10.7967992393
489.0	10.7971607141
490.0	10.7975229076
491.0	10.7978857423
492.0	10.7982491419
493.0	10.7986130309
494.0	10.7989773351
495.0	10.7993419816
496.0	10.7997068981
497.0	10.8000720136
498.0	10.8004372581
499.0	10.8008025626
500.0	10.8011678591
501.0	10.8015016095
502.0	10.8018346208
503.0	10.8021675497
504.0	10.8025001858
505.0	10.80282432
506.0	10.8031394441
507.0	10.803438457
508.0	10.8037370037
509.0	10.8040350248
510.0	10.8043324616
511.0	10.8046292565
512.0	10.8049253525
513.0	10.8052206937
514.0	10.8055152249
515.0	10.805808892
516.0	10.8061016414
517.0	10.8063934205
518.0	10.8062640942
519.0	10.8058953725
520.0	10.8055246811
521.0	10.8051003365
522.0	10.8046774668
523.0	10.8042430372
524.0	10.8037842783
525.0	10.8033268171
526.0	10.8027898616
527.0	10.8022483702
528.0	10.801708197
529.0	10.8011692899
530.0	10.8006315971
531.0	10.8000789993
532.0	10.799344876
533.0	10.7986119096
534.0	10.7978800512
535.0	10.7971492527
536.0	10.7964194666
537.0	10.7956816698
538.0	10.7949329467
539.0	10.7941851482
540.0	10.7934382295
541.0	10.7926921463
542.0	10.7919468548
543.0	10.791202312
544.0	10.7904584756
545.0	10.7897153037
546.0	10.7889727552
547.0	10.7882307895
548.0	10.7874893665
549.0	10.7867313838
550.0	10.7859342206
551.0	10.7851375034
552.0	10.7843411947
553.0	10.7835452576
554.0	10.7827496558
555.0	10.7819543534
556.0	10.7811593152
557.0	10.7803645065
558.0	10.779569893
559.0	10.778775441
560.0	10.7779811174
561.0	10.7771868895
562.0	10.7763927251
563.0	10.7755985926
564.0	10.7748044608
565.0	10.7740102989
566.0	10.7732160769
567.0	10.7724217649
568.0	10.7714891915
569.0	10.770552307
570.0	10.7696156696
571.0	10.7686792507
572.0	10.767743022
573.0	10.7668069559
574.0	10.765871025
575.0	10.7649352025
576.0	10.763999462
577.0	10.7630637773
578.0	10.762128123
579.0	10.7611924739
580.0	10.7602568052
581.0	10.7593210924
582.0	10.7583853117
583.0	10.7574494394
584.0	10.7565134524
585.0	10.7555773278
586.0	10.7546410432
587.0	10.7537045766
588.0	10.7527679061
589.0	10.7518310107
590.0	10.7508938691
591.0	10.749956461
592.0	10.7490168797
593.0	10.7480628485
594.0	10.7471085187
595.0	10.7461538711
596.0	10.7451988869
597.0	10.7442435474
598.0	10.7432836724
599.0	10.7422911236
600.0	10.7412981782
601.0	10.740304819
602.0	10.7393110292
603.0	10.7383167924
604.0	10.7373220924
605.0	10.7363269133
606.0	10.7353312395
607.0	10.7343350557
608.0	10.733338347
609.0	10.7323410985
610.0	10.7313432959
611.0	10.7303193746
612.0	10.7292850542
613.0	10.7282501328
614.0	10.7272145975
615.0	10.7261784351
616.0	10.725141633
617.0	10.7241041788
618.0	10.7230660603
619.0	10.7220272654
620.0	10.7209763129
621.0	10.7199215376
622.0	10.7188660911
623.0	10.7178099624
624.0	10.7167531409
625.0	10.715695616
626.0	10.7146373775
627.0	10.7135784153
628.0	10.7125187197
629.0	10.7114582811
630.0	10.71039709
631.0	10.7093351373
632.0	10.7082724141
633.0	10.7072089116
634.0	10.7061446213
635.0	10.7050795348
636.0	10.7040136441
637.0	10.7029469412
638.0	10.7018794184
639.0	10.700811068
640.0	10.6997418829
641.0	10.6986599881
642.0	10.6974755175
643.0	10.6962902764
644.0	10.6951042593
645.0	10.693917461
646.0	10.6927298762
647.0	10.6915414999
648.0	10.6903523273
649.0	10.6891623538
650.0	10.6879715746
651.0	10.6867799856
652.0	10.6855875825
653.0	10.6843943611
654.0	10.6832003176
655.0	10.6820054482
656.0	10.6808097492
657.0	10.6795975022
658.0	10.6783771414
659.0	10.6771559908
660.0	10.6759340471
661.0	10.6747113073
662.0	10.6734877685
663.0	10.6722634276
664.0	10.6710382822
665.0	10.6698123295
666.0	10.6685855672
667.0	10.6673579929
668.0	10.6661296043
669.0	10.6649003995
670.0	10.6636703764
671.0	10.6624395332
672.0	10.6612078681
673.0	10.6599753795
674.0	10.658742066
675.0	10.657507926
676.0	10.6562729583
677.0	10.6550371617
678.0	10.6538005351
679.0	10.6525630776
680.0	10.6513247882
681.0	10.6500856662
682.0	10.6488457108
683.0	10.6476049216
684.0	10.646363298
685.0	10.6451208397
686.0	10.6438775462
687.0	10.6426334175
688.0	10.6413884534
689.0	10.6401426538
690.0	10.6388960189
691.0	10.6376485487
692.0	10.6364002436
693.0	10.6351511037
694.0	10.6339011296
695.0	10.6326503216
696.0	10.6313986804
697.0	10.6301462066
698.0	10.6288929008
699.0	10.6275986819
700.0	10.6262895062
701.0	10.6249795486
702.0	10.62366881
703.0	10.6223572917
704.0	10.6210023633
705.0	10.6191566228
706.0	10.6173105136
707.0	10.6154640389
708.0	10.6136172018
709.0	10.6117700054
710.0	10.6099224529
711.0	10.6080745475
712.0	10.6062262925
713.0	10.6043776913
714.0	10.602528747
715.0	10.6006794631
716.0	10.598829843
717.0	10.5969798901
718.0	10.5951248734
719.0	10.5932669008
720.0	10.5914085949
721.0	10.5895499595
722.0	10.5876909981
723.0	10.5858317146
724.0	10.5839721125
725.0	10.5821121958
726.0	10.5802519681
727.0	10.5783914334
728.0	10.5765305953
729.0	10.5746694579
730.0	10.572808025
731.0	10.5709463004
732.0	10.5690842882
733.0	10.5672219922
734.0	10.5653594165
735.0	10.563496565
736.0	10.5616334417
737.0	10.5597700507
738.0	10.557906396
739.0	10.5560424817
740.0	10.5541783118
741.0	10.5523138905
742.0	10.5504492219
743.0	10.54858431
744.0	10.5467138805
745.0	10.5448342049
746.0	10.5429543292
747.0	10.5410742574
748.0	10.5391939937
749.0	10.5373135422
750.0	10.5354329071
751.0	10.5335520927
752.0	10.5316711029
753.0	10.5297899422
754.0	10.5279086146
755.0	10.5260271244
756.0	10.5241454758
757.0	10.522263673
758.0	10.5203817203
759.0	10.5184996219
760.0	10.5166173821
761.0	10.5147350052
762.0	10.5128524954
763.0	10.510969857
764.0	10.5090870943
765.0	10.5072042116
766.0	10.5053212132
767.0	10.5034381034
768.0	10.5015548864
769.0	10.4996715667
770.0	10.4977881485
771.0	10.4959046361
772.0	10.4940210339
773.0	10.4921373462
774.0	10.4902535773
775.0	10.4883697316
776.0	10.4864858133
777.0	10.4846018269
778.0	10.4827177766
779.0	10.4808336668
780.0	10.4789495019
781.0	10.4770652861
782.0	10.4751810238
783.0	10.4732967194
784.0	10.4714123771
785.0	10.4695280014
786.0	10.4676435965
787.0	10.4657591668
788.0	10.4638747166
789.0	10.4619902503
790.0	10.4601057722
791.0	10.4582212866
792.0	10.4563367978
793.0	10.4544523101
794.0	10.452567828
795.0	10.4506833556
796.0	10.4487988973
797.0	10.4469144575
798.0	10.4450300404
799.0	10.4431456502
800.0	10.4412612914
801.0	10.4393769682
802.0	10.4374926848
803.0	10.4356084457
804.0	10.4337242549
805.0	10.4318401169
806.0	10.4299560358
807.0	10.428072016
808.0	10.4261880616
809.0	10.424304177
810.0	10.4224198544
811.0	10.4205240096
812.0	10.4186282589
813.0	10.4167326066
814.0	10.4148370569
815.0	10.412941614
816.0	10.4110462822
817.0	10.4091510657
818.0	10.4072559687
819.0	10.4053609953
820.0	10.4034661498
821.0	10.4015714364
822.0	10.3996768592
823.0	10.3977824225
824.0	10.3958881302
825.0	10.3939939867
826.0	10.392099996
827.0	10.3902061623
828.0	10.3883124896
829.0	10.3864189821
830.0	10.3845256439
831.0	10.3826324791
832.0	10.3807394917
833.0	10.3788466859
834.0	10.3769540656
835.0	10.3750616349
836.0	10.3731693979
837.0	10.3712730256
838.0	10.3693741456
839.0	10.3674754746
840.0	10.3655770166
841.0	10.3636787756
842.0	10.3617807556
843.0	10.3598829606
844.0	10.3579791453
845.0	10.3560565884
846.0	10.3541212898
847.0	10.3521842961
848.0	10.3502475801
849.0	10.3483111458
850.0	10.3463749972
851.0	10.3444391383
852.0	10.342503573
853.0	10.3405683053
854.0	10.3386333392
855.0	10.3366986785
856.0	10.3347643272
857.0	10.3328302891
858.0	10.3308965682
859.0	10.3289631684
860.0	10.3270300934
861.0	10.3250973471
862.0	10.3231649334
863.0	10.3212328561
864.0	10.3193011189
865.0	10.3173697258
866.0	10.3154386803
867.0	10.3135079864
868.0	10.3115776477
869.0	10.309647668
870.0	10.307718051
871.0	10.3057888004
872.0	10.3038546662
873.0	10.301884735
874.0	10.2999152098
875.0	10.2979460944
876.0	10.2959773925
877.0	10.2940091078
878.0	10.2920412442
879.0	10.2900738052
880.0	10.2881067947
881.0	10.2861402163
882.0	10.2841740736
883.0	10.2822083703
884.0	10.2802431101
885.0	10.2782782965
886.0	10.2763139332
887.0	10.2743500237
888.0	10.2723865717
889.0	10.2704235806
890.0	10.2684550914
891.0	10.26648036
892.0	10.2645061141
893.0	10.2625323572
894.0	10.2605590927
895.0	10.2585863242
896.0	10.256614055
897.0	10.2546422886
898.0	10.2526710285
899.0	10.2507002779
900.0	10.2487300404
901.0	10.2467603192
902.0	10.2447911178
903.0	10.2428224394
904.0	10.2408542874
905.0	10.2388866651
906.0	10.2369195758
907.0	10.2349530227
908.0	10.2329870092
909.0	10.2310215383
910.0	10.2290566135
911.0	10.2270922378
912.0	10.2251284146
913.0	10.2231651468
914.0	10.2212024378
915.0	10.2192355753
916.0	10.2172679516
917.0	10.2153008849
918.0	10.2133343783
919.0	10.2113684349
920.0	10.2094030578
921.0	10.2074382503
922.0	10.2054740153
923.0	10.2035103558
924.0	10.2015472751
925.0	10.199584776
926.0	10.1976228617
927.0	10.1956559461
928.0	10.1936820391
929.0	10.191708771
930.0	10.1897361444
931.0	10.1877641623
932.0	10.1856903969
933.0	10.1835813279
934.0	10.181473218
935.0	10.1793660689
936.0	10.1772598824
937.0	10.1751546602
938.0	10.173050404
939.0	10.1709471157
940.0	10.1688447969
941.0	10.1667434494
942.0	10.1646430748
943.0	10.1625436749
944.0	10.1604452512
945.0	10.1583478055
946.0	10.1562513394
947.0	10.1541558545
948.0	10.1520613525
949.0	10.1499678349
950.0	10.1478753034
951.0	10.1457563379
952.0	10.143624407
953.0	10.1414258698
954.0	10.139068009
955.0	10.1367116284
956.0	10.1343567284
957.0	10.1320033096
958.0	10.1296513725
959.0	10.1272955422
960.0	10.1249289602
961.0	10.1225638719
962.0	10.1202002778
963.0	10.1178381785
964.0	10.1154332012
965.0	10.1129307065
966.0	10.1104299344
967.0	10.107930885
968.0	10.1054335583
969.0	10.1029379546
970.0	10.1004440739
971.0	10.0979519163
972.0	10.0954614818
973.0	10.0929727706
974.0	10.0904857826
975.0	10.088000518
976.0	10.0852524069
977.0	10.0820517592
978.0	10.0788533262
979.0	10.075657109
980.0	10.0724631084
981.0	10.0692713254
982.0	10.066081761
983.0	10.0628944159
984.0	10.0597092911
985.0	10.0565263873
986.0	10.0533457055
987.0	10.0501672463
988.0	10.0469910106
989.0	10.043816999
990.0	10.0406452123
991.0	10.0374756513
992.0	10.0343083164
993.0	10.0311432085
994.0	10.0279803281
995.0	10.0248196759
996.0	10.0216612524
997.0	10.0185050582
998.0	10.0153510938
999.0	10.0121993598
1000.0	10.0090498566
1001.0	10.0059025847
1002.0	10.0027575446
1003.0	9.99961473672
1004.0	9.99646242176
1005.0	9.99331127024
1006.0	9.99016237631
1007.0	9.9870157403
1008.0	9.9838713625
1009.0	9.9807292432
1010.0	9.97758938264
1011.0	9.97445178107
1012.0	9.97131643871
1013.0	9.96818335575
1014.0	9.96505253238
1015.0	9.96192396874
1016.0	9.958797665
1017.0	9.95567362126
1018.0	9.95255183763
1019.0	9.94943231419
1020.0	9.94631505102
1021.0	9.94320004816
1022.0	9.94008730564
1023.0	9.93697682347
1024.0	9.93386860165
1025.0	9.93076264015
1026.0	9.92765893893
1027.0	9.92455749793
1028.0	9.92145831707
1029.0	9.91836139627
1030.0	9.9152667354
1031.0	9.91217433434
1032.0	9.90908419295
1033.0	9.90599631106
1034.0	9.9029106885
1035.0	9.89982732506
1036.0	9.89674622054
1037.0	9.8936673747
1038.0	9.89059078731
1039.0	9.8875164581
1040.0	9.8844443868
1041.0	9.88137457311
1042.0	9.87830701672
1043.0	9.87521496947
1044.0	9.87208867782
1045.0	9.86896482977
1046.0	9.86584342445
1047.0	9.86272446099
1048.0	9.85960793849
1049.0	9.85649385606
1050.0	9.85338221277
1051.0	9.85027300771
1052.0	9.84716623992
1053.0	9.84406190846
1054.0	9.84096001234
1055.0	9.8378605506
1056.0	9.83476352223
1057.0	9.83166892623
1058.0	9.82857676157
1059.0	9.82548702723
1060.0	9.82239972216
1061.0	9.81931484531
1062.0	9.81621751302
1063.0	9.81311602816
1064.0	9.81001699932
1065.0	9.80692042537
1066.0	9.80382630516
1067.0	9.80073463756
1068.0	9.79764542139
1069.0	9.79455865548
1070.0	9.79147433864
1071.0	9.78839246969
1072.0	9.7853130474
1073.0	9.78223607055
1074.0	9.77916153793
1075.0	9.77608944827
1076.0	9.77301980034
1077.0	9.76995259286
1078.0	9.76688782457
1079.0	9.76382549416
1080.0	9.76076560036
1081.0	9.75770814184
1082.0	9.75465311729
1083.0	9.75160052539
1084.0	9.74855036479
1085.0	9.74550263415
1086.0	9.74245733211
1087.0	9.7394144573
1088.0	9.73637400834
1089.0	9.73333598384
1090.0	9.7303003824
1091.0	9.72726720262
1092.0	9.72423644308
1093.0	9.72120810235
1094.0	9.71818217899
1095.0	9.71515867156
1096.0	9.71213757861
1097.0	9.70911889867
1098.0	9.70610263026
1099.0	9.70308877191
1100.0	9.70007732212
1101.0	9.6970682794
1102.0	9.69406164223
1103.0	9.69105740909
1104.0	9.68805557847
1105.0	9.68505614882
1106.0	9.68205911861
1107.0	9.67906448627
1108.0	9.67607225026
1109.0	9.67308240901
1110.0	9.67009496093
1111.0	9.66710990444
1112.0	9.66412723796
1113.0	9.66114695988
1114.0	9.65816906859
1115.0	9.65519356248
1116.0	9.65222043992
1117.0	9.64924969929
1118.0	9.64628133894
1119.0	9.64331535723
1120.0	9.64035175251
1121.0	9.63739052311
1122.0	9.63443166737
1123.0	9.63147518361
1124.0	9.62852107015
1125.0	9.6255693253
1126.0	9.62261994737
1127.0	9.61967293464
1128.0	9.61672828542
1129.0	9.61378599798
1130.0	9.6108460706
1131.0	9.60790850155
1132.0	9.60497328909
1133.0	9.60204043148
1134.0	9.59910992697
1135.0	9.59618177381
1136.0	9.59325597022
1137.0	9.59033251445
1138.0	9.58741140472
1139.0	9.58449263924
1140.0	9.58157621623
1141.0	9.5786621339
1142.0	9.57575039044
1143.0	9.57284098406
1144.0	9.56993391294
1145.0	9.56702917526
1146.0	9.56412676921
1147.0	9.56122669295
1148.0	9.55832894466
1149.0	9.55543352248
1150.0	9.55254042459
1151.0	9.54964964912
1152.0	9.54676119423
1153.0	9.54387505805
1154.0	9.54099123872
1155.0	9.53810973437
1156.0	9.53523054311
1157.0	9.53235366308
1158.0	9.52947909238
1159.0	9.52660682913
1160.0	9.52373687142
1161.0	9.52086921736
1162.0	9.51800386505
1163.0	9.51514081256
1164.0	9.51228005799
1165.0	9.50942159943
1166.0	9.50656543493
1167.0	9.50334643065
1168.0	9.5000904584
1169.0	9.49683758701
1170.0	9.4935878124
1171.0	9.49034113055
1172.0	9.48709753738
1173.0	9.48385702887
1174.0	9.48061960096
1175.0	9.47738524962
1176.0	9.4741539708
1177.0	9.47092576048
1178.0	9.46770061462
1179.0	9.46447852919
1180.0	9.46125950016
1181.0	9.45804352352
1182.0	9.45483059524
1183.0	9.4516207113
1184.0	9.44841386769
1185.0	9.4452100604
1186.0	9.44200928541
1187.0	9.43880230704
1188.0	9.43559836648
1189.0	9.43239746852
1190.0	9.42919960912
1191.0	9.42600478424
1192.0	9.42281298985
1193.0	9.41962422192
1194.0	9.41643847642
1195.0	9.41325574932
1196.0	9.41007443769
1197.0	9.40683639875
1198.0	9.40360148304
1199.0	9.40036968631
1200.0	9.39714100433
1201.0	9.39391543286
1202.0	9.39069296767
1203.0	9.38747360453
1204.0	9.3842573392
1205.0	9.38104416749
1206.0	9.37783408516
1207.0	9.374627088
1208.0	9.37142317181
1209.0	9.36822233237
1210.0	9.3650245655
1211.0	9.361829867
1212.0	9.35863823266
1213.0	9.35544965831
1214.0	9.35226413976
1215.0	9.34908167283
1216.0	9.34590225334
1217.0	9.34272587713
1218.0	9.33955254002
1219.0	9.33638223786
1220.0	9.33321496648
1221.0	9.33005072173
1222.0	9.32688949946
1223.0	9.32373129552
1224.0	9.32057610578
1225.0	9.31742392609
1226.0	9.31427475231
1227.0	9.31112858034
1228.0	9.30798540603
1229.0	9.30484522526
1230.0	9.30170803393
1231.0	9.29857382792
1232.0	9.29544260313
1233.0	9.29231435545
1234.0	9.28918908077
1235.0	9.28606677502
1236.0	9.2829474341
1237.0	9.27983105393
1238.0	9.27671763042
1239.0	9.2736071595
1240.0	9.2704996371
1241.0	9.26739505915
1242.0	9.26429342158
1243.0	9.26119472035
1244.0	9.2580989514
1245.0	9.25500611068
1246.0	9.25191619414
1247.0	9.24882919775
1248.0	9.24574511747
1249.0	9.24266394927
1250.0	9.23958568912
1251.0	9.23651033301
1252.0	9.23343787691
1253.0	9.23036831682
1254.0	9.22730164872
1255.0	9.22423786862
1256.0	9.22117697252
1257.0	9.21811895642
1258.0	9.21506381633
1259.0	9.21201154828
1260.0	9.20896214828
1261.0	9.20591561235
1262.0	9.20287193653
1263.0	9.19983111685
1264.0	9.19679314935
1265.0	9.19375803008
1266.0	9.19072575508
1267.0	9.18769632042
1268.0	9.18466972213
1269.0	9.181643167
1270.0	9.17861850231
1271.0	9.17559666812
1272.0	9.17257766051
1273.0	9.16956147554
1274.0	9.16654810931
1275.0	9.16353755789
1276.0	9.16052981739
1277.0	9.15752488388
1278.0	9.15451869794
1279.0	9.15150712289
1280.0	9.14849836047
1281.0	9.14548387836
1282.0	9.14246108181
1283.0	9.13944111158
1284.0	9.13642396373
1285.0	9.13340963432
1286.0	9.13039811944
1287.0	9.12738941515
1288.0	9.12438351755
1289.0	9.12138042273
1290.0	9.11838012676
1291.0	9.11538262577
1292.0	9.11238791584
1293.0	9.10939599308
1294.0	9.10640685362
1295.0	9.10342049356
1296.0	9.10043690903
1297.0	9.09745609617
1298.0	9.09447775953
1299.0	9.09149715125
1300.0	9.0885193217
1301.0	9.08554426697
1302.0	9.08257198318
1303.0	9.07960246644
1304.0	9.07663424786
1305.0	9.07366140085
1306.0	9.07069133153
1307.0	9.06772403599
1308.0	9.06475951031
1309.0	9.06179775059
1310.0	9.05883875293
1311.0	9.05588251344
1312.0	9.05292902823
1313.0	9.04997829341
1314.0	9.04703030511
1315.0	9.04408505945
1316.0	9.04114255257
1317.0	9.0382027806
1318.0	9.03526573969
1319.0	9.03233142598
1320.0	9.02939983564
1321.0	9.02647096481
1322.0	9.02354480966
1323.0	9.02062136637
1324.0	9.01770063111
1325.0	9.01478260005
1326.0	9.01186726939
1327.0	9.00895463531
1328.0	9.00604469402
1329.0	9.00313744171
1330.0	9.00023287459
1331.0	8.99733098887
1332.0	8.99443178077
1333.0	8.99153524651
1334.0	8.98864138233
1335.0	8.98575018445
1336.0	8.98286164912
1337.0	8.97997577258
1338.0	8.97709255108
1339.0	8.97421198087
1340.0	8.97133405821
1341.0	8.96845877937
1342.0	8.96558614063
1343.0	8.96271613825
1344.0	8.95984876853
1345.0	8.95698402774
1346.0	8.95412191218
1347.0	8.95126241814
1348.0	8.94840554194
1349.0	8.94555127987
1350.0	8.94269962826
1351.0	8.93985058342
1352.0	8.93700414167
1353.0	8.93416029935
1354.0	8.9313113041
1355.0	8.92846423527
1356.0	8.92561976536
1357.0	8.92277789071
1358.0	8.91993860765
1359.0	8.91710191252
1360.0	8.91426780168
1361.0	8.91143627147
1362.0	8.90860731826
1363.0	8.9057809384
1364.0	8.90295712827
1365.0	8.90013588425
1366.0	8.8973172027
1367.0	8.89450108003
1368.0	8.89168751261
1369.0	8.88887649684
1370.0	8.88606802913
1371.0	8.88326210589
1372.0	8.88045872351
1373.0	8.87765510605
1374.0	8.87485390587
1375.0	8.87205523728
1376.0	8.86925909672
1377.0	8.86646548064
1378.0	8.86367438548
1379.0	8.86088580769
1380.0	8.85809974374
1381.0	8.85531619008
1382.0	8.8525351432
1383.0	8.84975659956
1384.0	8.84698055565
1385.0	8.84420700795
1386.0	8.84143595296
1387.0	8.83866738716
1388.0	8.83590130706
1389.0	8.83313770917
1390.0	8.83037659
1391.0	8.82761794607
1392.0	8.8248617739
1393.0	8.82210807002
1394.0	8.81935683096
1395.0	8.81660805327
1396.0	8.81386173348
1397.0	8.81111786814
1398.0	8.80837645381
1399.0	8.80563748705
1400.0	8.80290096442
1401.0	8.8001668825
1402.0	8.79743523786
1403.0	8.79470602708
1404.0	8.79197051622
1405.0	8.78923140141
1406.0	8.78649472704
1407.0	8.7836065972
1408.0	8.78069766634
1409.0	8.7777914985
1410.0	8.77488808956
1411.0	8.77198743543
1412.0	8.76906814658
1413.0	8.76614527867
1414.0	8.76322519555
1415.0	8.76030789306
1416.0	8.75739336707
1417.0	8.75448161343
1418.0	8.75157262801
1419.0	8.7486664067
1420.0	8.74576294538
1421.0	8.74286223995
1422.0	8.73996428629
1423.0	8.73706908033
1424.0	8.73417661798
1425.0	8.73128689516
1426.0	8.72839990779
1427.0	8.72551565181
1428.0	8.72263412318
1429.0	8.71975531783
1430.0	8.71687923172
1431.0	8.71400586083
1432.0	8.71113520112
1433.0	8.70826724857
1434.0	8.70540199917
1435.0	8.70253944891
1436.0	8.69967959379
1437.0	8.69682120225
1438.0	8.69395798132
1439.0	8.6910974549
1440.0	8.68823961899
1441.0	8.68538446963
1442.0	8.68253200282
1443.0	8.6796822146
1444.0	8.676835101
1445.0	8.67399065807
1446.0	8.67114888186
1447.0	8.66830976843
1448.0	8.66547331384
1449.0	8.66263951415
1450.0	8.65980836546
1451.0	8.65697986385
1452.0	8.65415400541
1453.0	8.65133078623
1454.0	8.64851020243
1455.0	8.64569225012
1456.0	8.64287692541
1457.0	8.64006422444
1458.0	8.63725414334
1459.0	8.63444667825
1460.0	8.63164182532
1461.0	8.6288395807
1462.0	8.62603994056
1463.0	8.62324290106
1464.0	8.62044845837
1465.0	8.61765660868
1466.0	8.61486734818
1467.0	8.61208067307
1468.0	8.60929657954
1469.0	8.6065150638
1470.0	8.60373612208
1471.0	8.60095975058
1472.0	8.59818594555
1473.0	8.59541470321
1474.0	8.59264601982
1475.0	8.58987989161
1476.0	8.58711631485
1477.0	8.5843552858
1478.0	8.58159680072
1479.0	8.57884085589
1480.0	8.57608744761
1481.0	8.57333657214
1482.0	8.5705882258
1483.0	8.56784240488
1484.0	8.56509910569
1485.0	8.56235832454
1486.0	8.55962005777
1487.0	8.55688430169
1488.0	8.55415105265
1489.0	8.55141849503
1490.0	8.54868464723
1491.0	8.54595330305
1492.0	8.54322445883
1493.0	8.54049811094
1494.0	8.53777425574
1495.0	8.5350528896
1496.0	8.53233400889
1497.0	8.52961761001
1498.0	8.52690368933
1499.0	8.52419224326
1500.0	8.52148326819
1501.0	8.51877676054
1502.0	8.51606055111
1503.0	8.51334302285
1504.0	8.51062797312
1505.0	8.50791539832
1506.0	8.50520529486
1507.0	8.50249765913
1508.0	8.49979248757
1509.0	8.4970897766
1510.0	8.49438529151
1511.0	8.49168319494
1512.0	8.48898355919
1513.0	8.48628638068
1514.0	8.48359165585
1515.0	8.48089938114
1516.0	8.47819082274
1517.0	8.47547075342
1518.0	8.47275315953
1519.0	8.47003803745
1520.0	8.4673253836
1521.0	8.4646151944
1522.0	8.46190746628
1523.0	8.45920219565
1524.0	8.45649937897
1525.0	8.45379901268
1526.0	8.45110109322
1527.0	8.44840561705
1528.0	8.44571258063
1529.0	8.44302198043
1530.0	8.44033381293
1531.0	8.43764807462
1532.0	8.43496476196
1533.0	8.43228387147
1534.0	8.42960539964
1535.0	8.42692934298
1536.0	8.424255698
1537.0	8.42158446121
1538.0	8.41891562916
1539.0	8.41624919836
1540.0	8.41358516535
1541.0	8.41092352669
1542.0	8.40826427891
1543.0	8.40560741858
1544.0	8.40295294225
1545.0	8.40029740676
1546.0	8.39763756244
1547.0	8.3949801086
1548.0	8.39232504182
1549.0	8.38967235864
1550.0	8.38702205563
1551.0	8.38437412938
1552.0	8.38172857647
1553.0	8.37908539347
1554.0	8.37644457699
1555.0	8.37380612363
1556.0	8.37117002998
1557.0	8.36853629267
1558.0	8.36590490831
1559.0	8.36327587352
1560.0	8.36064918493
1561.0	8.35802483919
1562.0	8.35537389222
1563.0	8.35268583391
1564.0	8.350000198
1565.0	8.347316981
1566.0	8.34463617943
1567.0	8.34195778981
1568.0	8.33927936268
1569.0	8.33660330594
1570.0	8.33392966009
1571.0	8.33125842165
1572.0	8.32858958717
1573.0	8.32592315317
1574.0	8.3232591162
1575.0	8.3205974728
1576.0	8.31793821954
1577.0	8.31528135298
1578.0	8.31262686967
1579.0	8.3099747662
1580.0	8.30732503915
1581.0	8.3046776851
1582.0	8.30203270064
1583.0	8.29939008238
1584.0	8.29674982692
1585.0	8.29411193087
1586.0	8.29147639085
1587.0	8.28884320348
1588.0	8.28621236539
1589.0	8.28358387321
1590.0	8.28095772359
1591.0	8.27833391318
1592.0	8.27571243862
1593.0	8.27309329659
1594.0	8.27047648374
1595.0	8.26786199674
1596.0	8.26524983228
1597.0	8.26263998703
1598.0	8.26003245769
1599.0	8.25742724096
1600.0	8.25482433353
1601.0	8.25222373211
1602.0	8.24962543342
1603.0	8.24702943417
1604.0	8.24443573109
1605.0	8.24184432092
1606.0	8.23925520039
1607.0	8.23666836623
1608.0	8.23408381521
1609.0	8.23150154408
1610.0	8.22892154959
1611.0	8.22634382852
1612.0	8.22376837763
1613.0	8.2211951937
1614.0	8.21862427353
1615.0	8.21605561389
1616.0	8.21348921158
1617.0	8.21092506341
1618.0	8.20836316618
1619.0	8.20580351671
1620.0	8.2032461118
1621.0	8.2006909483
1622.0	8.19813802302
1623.0	8.1955873328
1624.0	8.19303887449
1625.0	8.19049264493
1626.0	8.18794864098
1627.0	8.18540685948
1628.0	8.18286729731
1629.0	8.18032995134
1630.0	8.17779481844
1631.0	8.17526189549
1632.0	8.17273117938
1633.0	8.170202667
1634.0	8.16767635525
1635.0	8.16515224104
1636.0	8.16263032126
1637.0	8.16011059283
1638.0	8.15759305269
1639.0	8.15507769774
1640.0	8.15256452492
1641.0	8.15005353117
1642.0	8.14754471343
1643.0	8.14503806865
1644.0	8.14253177744
1645.0	8.14002043892
1646.0	8.13751127772
1647.0	8.13500429081
1648.0	8.13249947512
1649.0	8.12999682763
1650.0	8.12749634529
1651.0	8.12499802507
1652.0	8.12250186395
1653.0	8.12000785891
1654.0	8.11751600694
1655.0	8.11502630502
1656.0	8.11253875015
1657.0	8.11005333934
1658.0	8.10757006959
1659.0	8.10508893791
1660.0	8.10260994132
1661.0	8.10013307685
1662.0	8.09765834153
1663.0	8.09518573238
1664.0	8.09271524645
1665.0	8.09024688078
1666.0	8.08778063242
1667.0	8.08531649843
1668.0	8.08285447587
1669.0	8.0803945618
1670.0	8.07793675329
1671.0	8.07548104743
1672.0	8.07302744128
1673.0	8.07057593194
1674.0	8.06812651651
1675.0	8.06567919207
1676.0	8.06323395573
1677.0	8.06079080459
1678.0	8.05834973577
1679.0	8.05591074639
1680.0	8.05347383357
1681.0	8.05103899444
1682.0	8.04860281649
1683.0	8.04616818412
1684.0	8.04373185983
1685.0	8.04129705117
1686.0	8.03886431232
1687.0	8.03643364043
1688.0	8.03400503266
1689.0	8.03157848616
1690.0	8.02915399809
1691.0	8.02673156563
1692.0	8.02431118595
1693.0	8.02189285623
1694.0	8.01947657365
1695.0	8.0170623354
1696.0	8.01465013868
1697.0	8.01223998068
1698.0	8.0098318586
1699.0	8.00742576967
1700.0	8.00502171109
1701.0	8.00261968007
1702.0	8.00021967385
1703.0	7.99782168965
1704.0	7.9954257247
1705.0	7.99303177625
1706.0	7.9906304719
1707.0	7.98822215919
1708.0	7.98581586786
1709.0	7.98341159516
1710.0	7.98100933835
1711.0	7.97860909468
1712.0	7.97621086141
1713.0	7.9738146358
1714.0	7.97142041511
1715.0	7.96902819664
1716.0	7.96663797764
1717.0	7.96424975541
1718.0	7.96186352724
1719.0	7.95947929041
1720.0	7.95709704222
1721.0	7.95471677999
1722.0	7.952338501
1723.0	7.94996220258
1724.0	7.94758788205
1725.0	7.94521553672
1726.0	7.94284516392
1727.0	7.94047676098
1728.0	7.93811032523
1729.0	7.93574585402
1730.0	7.93338334469
1731.0	7.9310227946
1732.0	7.92866420108
1733.0	7.92630756151
1734.0	7.92395287325
1735.0	7.92160013366
1736.0	7.91924934012
1737.0	7.91690049
1738.0	7.91455358069
1739.0	7.91220860957
1740.0	7.90986557404
1741.0	7.90752447148
1742.0	7.90518529931
1743.0	7.90284805492
1744.0	7.90051273572
1745.0	7.89817933913
1746.0	7.89584786257
1747.0	7.89351830345
1748.0	7.89119065921
1749.0	7.88886492728
1750.0	7.88654110509
1751.0	7.88421919009
1752.0	7.88189917972
1753.0	7.87958107143
1754.0	7.87726486267
1755.0	7.87495055091
1756.0	7.8726381336
1757.0	7.87032760822
1758.0	7.86801897223
1759.0	7.86571222312
1760.0	7.86340735835
1761.0	7.86110437543
1762.0	7.85880327184
1763.0	7.85650404506
1764.0	7.85420669261
1765.0	7.85191121198
1766.0	7.84961760068
1767.0	7.84732585623
1768.0	7.84503597613
1769.0	7.84274795791
1770.0	7.84046179909
1771.0	7.8381774972
1772.0	7.83589504977
1773.0	7.83361445435
1774.0	7.83133570847
1775.0	7.82905880968
1776.0	7.82678375552
1777.0	7.82451054356
1778.0	7.82223917136
1779.0	7.81996963647
1780.0	7.81770193646
1781.0	7.8154360689
1782.0	7.81317203137
1783.0	7.81090982145
1784.0	7.80864943673
1785.0	7.80639087479
1786.0	7.80413413322
1787.0	7.80187920962
1788.0	7.79962610159
1789.0	7.79737480674
1790.0	7.79512532267
1791.0	7.792877647
1792.0	7.79063177735
1793.0	7.78838771134
1794.0	7.78614544659
1795.0	7.78390498073
1796.0	7.78166631139
1797.0	7.77942943623
1798.0	7.77719435287
1799.0	7.77496105896
1800.0	7.77272955215
1801.0	7.7704998301
1802.0	7.76827189047
1803.0	7.76604573091
1804.0	7.7638213491
1805.0	7.7615987427
1806.0	7.7593779094
1807.0	7.75715884686
1808.0	7.75494155277
1809.0	7.75272602481
1810.0	7.75051226068
1811.0	7.74830025808
1812.0	7.74609001469
1813.0	7.74388152823
1814.0	7.74167479639
1815.0	7.7394698169
1816.0	7.73726658746
1817.0	7.73506510578
1818.0	7.73286536961
1819.0	7.73066737665
1820.0	7.72847112464
1821.0	7.72627661132
1822.0	7.72408383441
1823.0	7.72189279167
1824.0	7.71970348084
1825.0	7.71751589967
1826.0	7.7153300459
1827.0	7.71314591731
1828.0	7.71096351164
1829.0	7.70878282667
1830.0	7.70660386017
1831.0	7.7044266099
1832.0	7.70225107364
1833.0	7.70007724917
1834.0	7.69790418129
1835.0	7.69573037652
1836.0	7.69355828042
1837.0	7.69138789078
1838.0	7.68921920542
1839.0	7.68705222212
1840.0	7.6848869387
1841.0	7.68272335298
1842.0	7.68056146276
1843.0	7.67840126587
1844.0	7.67624276013
1845.0	7.67408147547
1846.0	7.67191668279
1847.0	7.66975358824
1848.0	7.66759218964
1849.0	7.66543248481
1850.0	7.66327447157
1851.0	7.66111814775
1852.0	7.65896351119
1853.0	7.65681055971
1854.0	7.65465929116
1855.0	7.65250970337
1856.0	7.6503617942
1857.0	7.64821556149
1858.0	7.6460710031
1859.0	7.64392811688
1860.0	7.64174327436
1861.0	7.63955111165
1862.0	7.6373606975
1863.0	7.63517202963
1864.0	7.63298510577
1865.0	7.63079992368
1866.0	7.62861648109
1867.0	7.62643477576
1868.0	7.62425480543
1869.0	7.62207656788
1870.0	7.61990006085
1871.0	7.61772528211
1872.0	7.61555222944
1873.0	7.61338090059
1874.0	7.61121129336
1875.0	7.60904340552
1876.0	7.60687723485
1877.0	7.60471277914
1878.0	7.60255003618
1879.0	7.60038900377
1880.0	7.59822967971
1881.0	7.5960720618
1882.0	7.59391614784
1883.0	7.59176193565
1884.0	7.58960942304
1885.0	7.58745860782
1886.0	7.58530948783
1887.0	7.58316206088
1888.0	7.5810163248
1889.0	7.57887227742
1890.0	7.57672991659
1891.0	7.57458924014
1892.0	7.57245024591
1893.0	7.57031293176
1894.0	7.56817729552
1895.0	7.56604333507
1896.0	7.56391104825
1897.0	7.56178043292
1898.0	7.55965148696
1899.0	7.55752420823
1900.0	7.5553985946
1901.0	7.55327464395
1902.0	7.55115235417
1903.0	7.54903172312
1904.0	7.54691274871
1905.0	7.54479542881
1906.0	7.54267976133
1907.0	7.54056574416
1908.0	7.53845337521
1909.0	7.53634265237
1910.0	7.53423357357
1911.0	7.5321261367
1912.0	7.53002033968
1913.0	7.52791618044
1914.0	7.52581365689
1915.0	7.52371276696
1916.0	7.52161350859
1917.0	7.5195158797
1918.0	7.51741987823
1919.0	7.51532550212
1920.0	7.51323274931
1921.0	7.51113856611
1922.0	7.50904386732
1923.0	7.50695079292
1924.0	7.50485934085
1925.0	7.50276950906
1926.0	7.5006812955
1927.0	7.49859469814
1928.0	7.49650971493
1929.0	7.49442634384
1930.0	7.49234458282
1931.0	7.49026442986
1932.0	7.48818588293
1933.0	7.48610894
1934.0	7.48403359905
1935.0	7.48195985807
1936.0	7.47988771505
1937.0	7.47781716797
1938.0	7.47574821482
1939.0	7.47368085362
1940.0	7.47161508235
1941.0	7.46955089903
1942.0	7.46748830165
1943.0	7.46542728823
1944.0	7.46336785679
1945.0	7.46131000533
1946.0	7.45925373189
1947.0	7.45719903448
1948.0	7.45514591114
1949.0	7.45309435989
1950.0	7.45104218967
1951.0	7.4489900996
1952.0	7.44693958107
1953.0	7.44489063211
1954.0	7.44284325075
1955.0	7.44079743504
1956.0	7.43875318303
1957.0	7.43671049276
1958.0	7.43466936228
1959.0	7.43262978965
1960.0	7.43059177293
1961.0	7.42855531017
1962.0	7.42652039944
1963.0	7.42448703881
1964.0	7.42245522635
1965.0	7.42042496013
1966.0	7.41839623823
1967.0	7.41636905873
1968.0	7.41434341971
1969.0	7.41231931926
1970.0	7.41029675548
1971.0	7.40827572644
1972.0	7.40625623025
1973.0	7.40423826501
1974.0	7.40222182882
1975.0	7.40020691979
1976.0	7.39819353602
1977.0	7.39618167563
1978.0	7.39417133673
1979.0	7.39216251744
1980.0	7.39015521588
1981.0	7.38814943018
1982.0	7.38614515846
1983.0	7.38414239886
1984.0	7.3821411495
1985.0	7.38014140853
1986.0	7.37814317408
1987.0	7.37609846615
1988.0	7.37401508021
1989.0	7.37193329989
1990.0	7.36985312321
1991.0	7.36777454815
1992.0	7.36569757275
1993.0	7.363622195
1994.0	7.36154841291
1995.0	7.35947622452
1996.0	7.35740562784
1997.0	7.35533662089
1998.0	7.35326920171
1999.0	7.35120336833
2000.0	7.34913911877
